Player Combo,isTwoPlayer,Minutes,Off Min,Def Min,Off Poss,Def Poss,Total Possessions,rel_PM_p40,On-Off_PMp40,ORTG,DRTG,Net_RTG,On-Off,PM_p40,rel_Off_RTG,rel_Def_RTG,rel_Net_RTG,Plus_Minus,Off-Court PM_p40,Off-Court ORTG,Off-Court DRTG,Off-Court Net_RTG,Team Minutes,Team Plus_Minus,Team Off Poss,Team Def Poss,Team Total Possessions,Team ORTG,Team DRTG,Team Net_RTG,Team PM_p40
DP-DP,True,83.232,37.523,45.708,140,174,314,5.064,9.566,96.429,94.253,2.176,20.564,-13.937,5.669,-5.193,10.863,-29,-23.503,85.89,104.278,-18.389,176.835,-84,303,361,664,90.759,99.446,-8.687,-19.001
SD-SN,True,56.595,28.882,27.713,107,105,212,24.655,34.917,100.0,94.286,5.714,28.17,5.654,9.241,-5.16,14.401,8,-29.262,79.817,102.273,-22.456,176.835,-84,303,361,664,90.759,99.446,-8.687,-19.001
SD-MH,True,54.172,25.575,28.597,96,107,203,3.495,9.149,88.542,99.065,-10.524,13.435,-15.506,-2.217,-0.381,-1.837,-21,-24.655,84.8,108.759,-23.959,176.835,-84,303,361,664,90.759,99.446,-8.687,-19.001
AC-IK,True,53.293,25.642,27.652,88,105,193,5.491,22.617,93.182,95.238,-2.056,15.182,-13.51,2.423,-4.208,6.631,-18,-36.127,90.588,107.826,-17.238,176.835,-84,303,361,664,90.759,99.446,-8.687,-19.001
SN-MH,True,52.01,23.222,28.788,90,109,199,3.619,19.188,92.222,94.495,-2.273,20.915,-15.382,1.463,-4.951,6.414,-20,-34.57,85.088,108.276,-23.188,176.835,-84,303,361,664,90.759,99.446,-8.687,-19.001
MS-IK,True,46.025,23.187,22.838,85,92,177,-0.988,7.547,88.235,106.522,-18.286,-3.992,-19.989,-2.524,7.076,-9.6,-23,-27.536,95.789,110.084,-14.295,176.835,-84,303,361,664,90.759,99.446,-8.687,-19.001
AC-KJ,True,44.192,19.788,24.403,69,91,160,4.518,8.626,110.145,101.099,9.046,26.289,-14.482,19.386,1.653,17.733,-16,-23.108,84.466,101.709,-17.243,176.835,-84,303,361,664,90.759,99.446,-8.687,-19.001
MS-AC,True,42.17,19.975,22.195,69,84,153,1.927,-1.431,89.855,95.238,-5.383,-0.726,-17.074,-0.904,-4.208,3.304,-18,-15.643,86.869,91.525,-4.657,176.835,-84,303,361,664,90.759,99.446,-8.687,-19.001
DP-IK,True,41.787,17.65,24.137,65,92,157,1.77,28.644,89.231,82.609,6.622,29.545,-17.23,-1.528,-16.837,15.309,-18,-45.874,83.077,106.0,-22.923,176.835,-84,303,361,664,90.759,99.446,-8.687,-19.001
DP-AC,True,41.698,18.713,22.985,67,81,148,11.327,16.871,105.97,97.531,8.439,30.566,-7.674,15.211,-1.915,17.126,-8,-24.545,86.207,108.333,-22.126,176.835,-84,303,361,664,90.759,99.446,-8.687,-19.001
SD-DP,True,39.985,19.393,20.592,73,74,147,24.003,27.147,100.0,91.892,8.108,35.194,5.002,9.241,-7.554,16.795,5,-22.146,78.409,105.495,-27.085,176.835,-84,303,361,664,90.759,99.446,-8.687,-19.001
SI-EF,True,39.248,18.052,21.197,68,76,144,2.694,-19.998,89.706,101.316,-11.61,-28.924,-16.306,-1.053,1.87,-2.923,-16,3.692,111.207,93.893,17.314,176.835,-84,303,361,664,90.759,99.446,-8.687,-19.001
DP-MH,True,37.855,15.935,21.92,62,83,145,12.661,9.65,91.935,75.904,16.032,28.153,-6.34,1.176,-23.542,24.719,-6,-15.99,87.879,100.0,-12.121,176.835,-84,303,361,664,90.759,99.446,-8.687,-19.001
EF-MH,True,37.032,15.793,21.238,61,79,140,-14.484,-15.195,75.41,97.468,-22.059,-8.355,-33.485,-15.349,-1.978,-13.372,-31,-18.29,96.296,110.0,-13.704,176.835,-84,303,361,664,90.759,99.446,-8.687,-19.001
DP-KJ,True,36.998,16.798,20.2,61,78,139,16.839,15.194,118.033,94.872,23.161,42.349,-2.162,27.274,-4.574,31.848,-2,-17.356,85.714,104.902,-19.188,176.835,-84,303,361,664,90.759,99.446,-8.687,-19.001
MS-KJ,True,36.902,16.19,20.712,57,80,137,0.573,-4.755,105.263,96.25,9.013,12.422,-18.427,14.504,-3.196,17.7,-17,-13.673,88.462,91.87,-3.408,176.835,-84,303,361,664,90.759,99.446,-8.687,-19.001
SN-DP,True,36.737,19.347,17.39,72,68,140,34.244,45.66,97.222,82.353,14.869,47.314,15.244,6.463,-17.093,23.556,14,-30.416,71.951,104.396,-32.444,176.835,-84,303,361,664,90.759,99.446,-8.687,-19.001
IK-AM7,True,36.568,19.923,16.645,70,72,142,-2.876,-2.059,68.571,94.444,-25.873,-19.738,-21.877,-22.188,-5.002,-17.186,-20,-19.818,94.595,100.73,-6.135,176.835,-84,303,361,664,90.759,99.446,-8.687,-19.001
SD-EF,True,35.607,17.935,17.672,67,70,137,10.014,7.351,89.552,97.143,-7.591,4.046,-8.987,-1.207,-2.303,1.096,-8,-16.338,91.304,102.941,-11.637,176.835,-84,303,361,664,90.759,99.446,-8.687,-19.001
SN-KJ,True,35.452,17.795,17.657,64,70,134,16.744,34.109,104.688,98.571,6.116,40.294,-2.257,13.928,-0.875,14.803,-2,-36.366,71.591,105.769,-34.178,176.835,-84,303,361,664,90.759,99.446,-8.687,-19.001
SI-IK,True,34.78,21.312,13.468,70,55,125,-5.151,-1.881,71.429,129.091,-57.662,-34.068,-24.152,-19.331,29.645,-48.975,-21,-22.271,95.294,118.889,-23.595,176.835,-84,303,361,664,90.759,99.446,-8.687,-19.001
IK-KJ,True,34.068,17.178,16.89,63,68,131,8.434,24.568,96.825,102.941,-6.116,28.009,-10.567,6.066,3.495,2.571,-9,-35.135,83.117,117.241,-34.124,176.835,-84,303,361,664,90.759,99.446,-8.687,-19.001
SD-KJ,True,33.962,15.305,18.657,53,71,124,-5.733,14.949,103.774,107.042,-3.269,33.07,-24.734,13.015,7.596,5.418,-21,-39.683,70.732,107.071,-36.339,176.835,-84,303,361,664,90.759,99.446,-8.687,-19.001
MS-SI,True,33.575,17.39,16.185,59,63,122,-9.592,-25.963,69.492,103.175,-33.683,-42.01,-28.593,-21.268,3.729,-24.996,-24,-2.63,94.393,86.066,8.327,176.835,-84,303,361,664,90.759,99.446,-8.687,-19.001
SI-AM7,True,33.335,18.267,15.068,57,61,118,-28.997,-39.85,63.158,124.59,-61.432,-65.332,-47.998,-27.601,25.144,-52.745,-40,-8.147,100.735,96.835,3.9,176.835,-84,303,361,664,90.759,99.446,-8.687,-19.001
SI-AC,True,32.347,18.355,13.992,55,54,109,-4.495,-13.986,65.455,101.852,-36.397,-30.147,-23.495,-25.305,2.406,-27.71,-19,-9.509,83.333,89.583,-6.25,176.835,-84,303,361,664,90.759,99.446,-8.687,-19.001
SN-EF,True,32.232,15.937,16.295,57,65,122,-2.097,17.408,91.228,106.154,-14.926,9.056,-21.097,0.469,6.708,-6.239,-17,-38.505,89.61,113.592,-23.982,176.835,-84,303,361,664,90.759,99.446,-8.687,-19.001
MS-EF,True,31.188,15.693,15.495,62,62,124,4.893,-13.407,75.806,93.548,-17.742,-20.319,-14.108,-14.953,-5.898,-9.055,-11,-0.7,95.238,92.661,2.578,176.835,-84,303,361,664,90.759,99.446,-8.687,-19.001
SN-AC,True,31.148,15.762,15.387,57,56,113,13.864,47.915,101.754,110.714,-8.96,36.449,-5.137,10.995,11.268,-0.273,-4,-53.052,71.875,117.284,-45.409,176.835,-84,303,361,664,90.759,99.446,-8.687,-19.001
MS-DP,True,31.045,12.345,18.7,51,72,123,-10.634,-4.005,105.882,106.944,-1.062,11.621,-29.634,15.123,7.498,7.625,-23,-25.63,94.048,106.731,-12.683,176.835,-84,303,361,664,90.759,99.446,-8.687,-19.001
SI-KJ,True,30.078,12.453,17.625,43,67,110,-19.565,-23.139,90.698,101.493,-10.795,-10.643,-38.566,-0.061,2.047,-2.108,-29,-15.427,90.526,90.678,-0.152,176.835,-84,303,361,664,90.759,99.446,-8.687,-19.001
SN-IK,True,29.247,15.442,13.805,61,57,118,47.722,73.52,104.918,75.439,29.479,45.813,28.721,14.159,-24.007,38.166,21,-44.799,91.667,108.0,-16.333,176.835,-84,303,361,664,90.759,99.446,-8.687,-19.001
IK-EF,True,29.17,13.437,15.733,52,61,113,2.546,10.715,82.692,90.164,-7.472,-3.631,-16.455,-8.067,-9.282,1.215,-12,-27.17,108.065,111.905,-3.84,176.835,-84,303,361,664,90.759,99.446,-8.687,-19.001
AC-MH,True,29.167,12.768,16.398,44,56,100,8.029,7.326,104.545,96.429,8.117,23.868,-10.971,13.786,-3.017,16.804,-8,-18.297,96.154,111.905,-15.751,176.835,-84,303,361,664,90.759,99.446,-8.687,-19.001
SN-SI,True,29.047,13.183,15.863,48,61,109,-1.656,9.333,93.75,98.361,-4.611,-4.537,-20.656,2.991,-1.085,4.076,-15,-29.99,94.521,94.595,-0.074,176.835,-84,303,361,664,90.759,99.446,-8.687,-19.001
DP-EF,True,27.94,11.493,16.447,43,66,109,-29.675,-12.502,76.744,101.515,-24.771,2.217,-48.676,-14.015,2.069,-16.084,-34,-36.174,86.842,113.83,-26.988,176.835,-84,303,361,664,90.759,99.446,-8.687,-19.001
MS-AM7,True,26.76,13.508,13.252,46,56,102,-18.368,-30.161,80.435,110.714,-30.28,-38.986,-37.369,-10.324,11.268,-21.593,-25,-7.208,102.5,93.793,8.707,176.835,-84,303,361,664,90.759,99.446,-8.687,-19.001
SD-AC,True,26.107,11.787,14.32,44,50,94,15.936,35.499,115.909,106.0,9.909,36.462,-3.064,25.15,6.554,18.596,-2,-38.564,82.143,108.696,-26.553,176.835,-84,303,361,664,90.759,99.446,-8.687,-19.001
IK-MH,True,25.222,10.35,14.872,39,55,94,26.93,29.287,100.0,61.818,38.182,28.922,7.93,9.241,-37.628,46.869,5,-21.357,113.208,103.947,9.26,176.835,-84,303,361,664,90.759,99.446,-8.687,-19.001
SD-AM7,True,24.797,10.742,14.055,39,54,93,-16.488,-13.512,87.179,103.704,-16.524,-15.439,-35.489,-3.58,4.258,-7.837,-22,-21.977,95.789,96.875,-1.086,176.835,-84,303,361,664,90.759,99.446,-8.687,-19.001
SN-AM7,True,24.385,12.208,12.177,47,53,100,2.597,8.973,93.617,101.887,-8.27,-4.188,-16.404,2.858,2.441,0.417,-10,-25.376,95.918,100.0,-4.082,176.835,-84,303,361,664,90.759,99.446,-8.687,-19.001
SI-MH,True,23.37,9.082,14.288,35,53,88,-16.943,-29.401,88.571,98.113,-9.542,-21.773,-35.944,-2.188,-1.333,-0.855,-21,-6.542,110.345,98.113,12.232,176.835,-84,303,361,664,90.759,99.446,-8.687,-19.001
KJ-MH,True,22.995,10.503,12.492,38,51,89,-19.268,-9.457,86.842,107.843,-21.001,17.393,-38.269,-3.917,8.397,-12.314,-22,-28.813,78.652,117.045,-38.394,176.835,-84,303,361,664,90.759,99.446,-8.687,-19.001
AC-AM7,True,22.477,12.558,9.918,41,42,83,-9.473,-16.736,68.293,104.762,-36.469,-32.032,-28.474,-22.466,5.316,-27.782,-16,-11.738,91.176,95.614,-4.438,176.835,-84,303,361,664,90.759,99.446,-8.687,-19.001
SD-IK,True,21.878,10.643,11.235,41,43,84,35.455,68.457,92.683,67.442,25.241,51.302,16.455,1.924,-32.004,33.928,9,-52.003,75.758,101.818,-26.061,176.835,-84,303,361,664,90.759,99.446,-8.687,-19.001
SD-SI,True,21.438,8.055,13.383,29,50,79,-12.718,-10.985,113.793,100.0,13.793,-5.32,-31.719,23.034,0.554,22.48,-17,-20.733,108.475,89.362,19.113,176.835,-84,303,361,664,90.759,99.446,-8.687,-19.001
AC-EF,True,21.308,7.092,14.217,24,50,74,-5.403,-6.702,83.333,66.0,17.333,4.787,-24.404,-7.426,-33.446,26.02,-13,-17.702,96.296,83.75,12.546,176.835,-84,303,361,664,90.759,99.446,-8.687,-19.001
EF-AM7,True,21.145,9.967,11.178,35,45,80,-37.75,-46.909,65.714,117.778,-52.063,-57.095,-56.751,-25.045,18.332,-43.377,-30,-9.842,107.339,102.308,5.032,176.835,-84,303,361,664,90.759,99.446,-8.687,-19.001
MS-SD,True,20.545,8.395,12.15,33,47,80,-19.938,-1.954,93.939,108.511,-14.571,3.189,-38.939,3.18,9.065,-5.884,-20,-36.985,81.034,98.795,-17.761,176.835,-84,303,361,664,90.759,99.446,-8.687,-19.001
EF-KJ,True,19.42,9.2,10.22,31,38,69,8.702,-3.703,74.194,73.684,0.509,10.649,-10.299,-16.566,-25.762,9.196,-5,-6.595,80.769,90.909,-10.14,176.835,-84,303,361,664,90.759,99.446,-8.687,-19.001
DP-SI,True,14.602,7.143,7.458,24,30,54,-22.09,-26.693,70.833,106.667,-35.833,-29.197,-41.091,-19.926,7.221,-27.146,-15,-14.399,91.935,98.571,-6.636,176.835,-84,303,361,664,90.759,99.446,-8.687,-19.001
AM7-KJ,True,14.347,5.995,8.352,23,33,56,10.636,-6.253,117.391,90.909,26.482,17.823,-8.364,26.632,-8.537,35.169,-3,-2.111,99.01,90.351,8.659,176.835,-84,303,361,664,90.759,99.446,-8.687,-19.001
MS-A'M,True,14.055,6.742,7.313,30,29,59,-9.459,-15.585,103.333,141.379,-38.046,-35.424,-28.46,12.574,41.933,-29.359,-10,-12.874,92.353,94.975,-2.622,176.835,-84,303,361,664,90.759,99.446,-8.687,-19.001
DP-AM7,True,12.727,6.907,5.82,22,26,48,0.143,-9.984,59.091,73.077,-13.986,-12.096,-18.858,-31.668,-26.369,-5.299,-6,-8.874,91.86,93.75,-1.89,176.835,-84,303,361,664,90.759,99.446,-8.687,-19.001
MS-MH,True,12.445,6.463,5.982,22,23,45,-13.141,-22.705,50.0,91.304,-41.304,-26.769,-32.141,-40.759,-8.142,-32.617,-10,-9.436,88.406,102.941,-14.535,176.835,-84,303,361,664,90.759,99.446,-8.687,-19.001
DP-A'M,True,10.218,4.368,5.85,20,21,41,-31.888,-26.998,110.0,166.667,-56.667,-37.349,-50.889,19.241,67.221,-47.98,-13,-23.891,85.333,104.651,-19.318,176.835,-84,303,361,664,90.759,99.446,-8.687,-19.001
AM7-MH,True,9.983,4.382,5.602,17,22,39,-49.113,-59.166,52.941,118.182,-65.241,-63.837,-68.114,-37.818,18.736,-56.554,-17,-8.947,105.263,106.667,-1.404,176.835,-84,303,361,664,90.759,99.446,-8.687,-19.001
A'M-EF,True,9.558,4.282,5.277,20,21,41,-14.478,-21.491,100.0,133.333,-33.333,-32.257,-33.479,9.241,33.887,-24.646,-8,-11.988,96.25,97.326,-1.076,176.835,-84,303,361,664,90.759,99.446,-8.687,-19.001
IK-A'M,True,8.398,4.14,4.258,19,16,35,42.815,45.236,110.526,100.0,10.526,15.641,23.814,19.767,0.554,19.213,5,-21.422,93.651,98.765,-5.115,176.835,-84,303,361,664,90.759,99.446,-8.687,-19.001
AC-A'M,True,7.622,3.367,4.255,14,16,30,-33.481,-30.387,100.0,150.0,-50.0,-37.947,-52.482,9.241,50.554,-41.313,-10,-22.095,84.397,96.45,-12.053,176.835,-84,303,361,664,90.759,99.446,-8.687,-19.001
SI-A'M,True,6.918,2.932,3.987,13,15,28,-9.908,-22.396,107.692,126.667,-18.974,-28.993,-28.909,16.933,27.221,-10.287,-5,-6.513,98.101,88.083,10.018,176.835,-84,303,361,664,90.759,99.446,-8.687,-19.001
SD-A'M,True,3.838,2.175,1.663,10,7,17,19.001,22.758,90.0,128.571,-38.571,-25.665,0.0,-0.759,29.125,-29.885,0,-22.758,80.303,93.21,-12.907,176.835,-84,303,361,664,90.759,99.446,-8.687,-19.001
MS-SN,True,3.647,2.042,1.605,7,8,15,95.783,122.44,200.0,87.5,112.5,125.315,76.782,109.241,-11.946,121.187,7,-45.657,85.185,98.0,-12.815,176.835,-84,303,361,664,90.759,99.446,-8.687,-19.001
A'M-KJ,True,2.203,0.897,1.307,3,5,8,-108.079,-107.714,66.667,180.0,-113.333,-98.151,-127.08,-24.092,80.554,-104.646,-7,-19.366,78.231,93.413,-15.182,176.835,-84,303,361,664,90.759,99.446,-8.687,-19.001
A'M-JB,True,1.617,0.0,1.617,0,6,6,-253.164,-255.886,0.0,183.333,-183.333,-177.856,-272.165,-90.759,83.887,-174.646,-11,-16.279,89.259,94.737,-5.478,176.835,-84,303,361,664,90.759,99.446,-8.687,-19.001
SN-A'M,True,1.45,0.645,0.805,3,3,6,46.587,59.167,100.0,66.667,33.333,50.346,27.586,9.241,-32.779,42.02,1,-31.581,77.5,94.512,-17.012,176.835,-84,303,361,664,90.759,99.446,-8.687,-19.001
DP-JB,True,1.335,0.0,1.335,0,5,5,-280.625,-277.682,0.0,200.0,-200.0,-182.085,-299.625,-90.759,100.554,-191.313,-10,-21.944,85.89,103.804,-17.915,176.835,-84,303,361,664,90.759,99.446,-8.687,-19.001
EF-JB,True,0.978,0.0,0.978,0,3,3,-267.2,-274.558,0.0,233.333,-233.333,-230.443,-286.201,-90.759,133.887,-224.646,-7,-11.643,97.11,100.0,-2.89,176.835,-84,303,361,664,90.759,99.446,-8.687,-19.001
SI-JB,True,0.978,0.0,0.978,0,3,3,-267.2,-278.674,0.0,233.333,-233.333,-238.825,-286.201,-90.759,133.887,-224.646,-7,-7.527,98.315,92.823,5.492,176.835,-84,303,361,664,90.759,99.446,-8.687,-19.001
A'M-MH,True,0.805,0.0,0.805,0,3,3,-80.378,-84.697,0.0,66.667,-66.667,-60.633,-99.379,-90.759,-32.779,-57.98,-2,-14.682,90.972,97.006,-6.034,176.835,-84,303,361,664,90.759,99.446,-8.687,-19.001
MS-JB,True,0.713,0.0,0.713,0,4,4,-373.523,-380.23,0.0,175.0,-175.0,-172.931,-392.523,-90.759,75.554,-166.313,-7,-12.293,92.486,94.554,-2.069,176.835,-84,303,361,664,90.759,99.446,-8.687,-19.001
JB-MH,True,0.638,0.0,0.638,0,3,3,-168.989,-174.263,0.0,100.0,-100.0,-91.169,-187.99,-90.759,0.554,-91.313,-3,-13.727,93.22,102.051,-8.831,176.835,-84,303,361,664,90.759,99.446,-8.687,-19.001
AC-JB,True,0.638,0.0,0.638,0,3,3,-231.652,-232.358,0.0,133.333,-133.333,-122.926,-250.653,-90.759,33.887,-124.646,-4,-18.294,86.875,97.283,-10.408,176.835,-84,303,361,664,90.759,99.446,-8.687,-19.001
SD-JB,True,0.357,0.0,0.357,0,2,2,-317.448,-314.324,0.0,150.0,-150.0,-136.678,-336.449,-90.759,50.554,-141.313,-3,-22.124,84.516,97.838,-13.322,176.835,-84,303,361,664,90.759,99.446,-8.687,-19.001
JB-AM7,True,0.357,0.0,0.357,0,2,2,-429.597,-440.495,0.0,200.0,-200.0,-203.992,-448.598,-90.759,100.554,-191.313,-4,-8.103,98.529,94.538,3.992,176.835,-84,303,361,664,90.759,99.446,-8.687,-19.001
A'M-AM7,True,0.357,0.0,0.357,0,2,2,-429.597,-440.111,0.0,200.0,-200.0,-207.661,-448.598,-90.759,100.554,-191.313,-4,-8.487,97.661,90.0,7.661,176.835,-84,303,361,664,90.759,99.446,-8.687,-19.001
SN-JB,True,0.282,0.0,0.282,0,1,1,19.001,28.216,0.0,0.0,0.0,16.807,0.0,-90.759,-99.446,8.687,0,-28.216,82.667,99.474,-16.807,176.835,-84,303,361,664,90.759,99.446,-8.687,-19.001
DP-DP-AC-IK,False,25.535,10.752,14.783,38,55,93,-7.629,13.734,94.737,96.364,-1.627,13.714,-26.63,3.978,-3.082,7.06,-17,-40.364,89.744,105.085,-15.341,176.835,-84,303,361,664,90.759,99.446,-8.687,-19.001
SD-SN-EF-MH,False,18.035,9.067,8.968,35,36,71,-0.96,8.954,80.0,102.778,-22.778,5.492,-19.961,-10.759,3.332,-14.091,-9,-28.916,88.679,116.949,-28.27,176.835,-84,303,361,664,90.759,99.446,-8.687,-19.001
SD-SN-DP-MH,False,16.812,8.333,8.478,31,28,59,33.277,36.376,90.323,78.571,11.751,46.013,14.276,-0.436,-20.875,20.438,6,-22.101,72.881,107.143,-34.262,176.835,-84,303,361,664,90.759,99.446,-8.687,-19.001
MS-DP-AC-IK,False,16.012,6.305,9.707,26,36,62,-0.985,16.731,111.538,102.778,8.761,29.988,-19.985,20.779,3.332,17.448,-8,-36.717,85.294,106.522,-21.228,176.835,-84,303,361,664,90.759,99.446,-8.687,-19.001
MS-AC-IK-KJ,False,14.887,6.843,8.043,24,32,56,16.314,52.053,120.833,93.75,27.083,66.422,-2.687,30.074,-5.696,35.77,-1,-54.74,79.412,118.75,-39.338,176.835,-84,303,361,664,90.759,99.446,-8.687,-19.001
MS-DP-AC-KJ,False,14.383,5.488,8.895,22,33,55,2.315,-0.311,127.273,103.03,24.242,29.242,-16.686,36.514,3.584,32.929,-6,-16.375,100.0,105.0,-5.0,176.835,-84,303,361,664,90.759,99.446,-8.687,-19.001
DP-AC-IK-KJ,False,13.255,5.605,7.65,22,30,52,0.894,14.7,109.091,100.0,9.091,28.773,-18.106,18.332,0.554,17.778,-6,-32.806,88.889,108.571,-19.683,176.835,-84,303,361,664,90.759,99.446,-8.687,-19.001
MS-SI-IK-AM7,False,13.253,7.877,5.377,26,22,48,-32.307,-49.888,57.692,145.455,-87.762,-79.834,-51.308,-33.067,46.009,-79.075,-17,-1.42,96.154,104.082,-7.928,176.835,-84,303,361,664,90.759,99.446,-8.687,-19.001
SD-SN-AC-MH,False,12.442,5.815,6.627,21,21,42,31.861,69.4,123.81,104.762,19.048,86.587,12.86,33.05,5.316,27.735,4,-56.54,68.571,136.111,-67.54,176.835,-84,303,361,664,90.759,99.446,-8.687,-19.001
SI-AC-IK-AM7,False,12.323,8.325,3.998,24,18,42,-19.95,-23.469,41.667,122.222,-80.556,-53.789,-38.951,-49.092,22.776,-71.869,-12,-15.481,78.947,105.714,-26.767,176.835,-84,303,361,664,90.759,99.446,-8.687,-19.001
MS-DP-IK-KJ,False,11.738,4.48,7.258,18,28,46,-1.445,19.028,111.111,92.857,18.254,30.149,-20.446,20.352,-6.589,26.941,-6,-39.474,96.0,107.895,-11.895,176.835,-84,303,361,664,90.759,99.446,-8.687,-19.001
SD-SN-SI-EF,False,11.142,5.31,5.832,19,21,40,44.132,38.211,126.316,80.952,45.363,30.1,25.131,35.557,-18.494,54.05,7,-13.08,122.581,107.317,15.264,176.835,-84,303,361,664,90.759,99.446,-8.687,-19.001
MS-SI-IK-EF,False,11.047,6.78,4.267,26,17,43,8.138,-20.812,76.923,135.294,-58.371,-65.012,-10.863,-13.836,35.848,-49.684,-3,9.949,110.345,103.704,6.641,176.835,-84,303,361,664,90.759,99.446,-8.687,-19.001
SN-SI-EF-MH,False,10.487,3.232,7.255,14,24,38,-15.329,-15.042,92.857,91.667,1.19,-11.032,-34.329,2.098,-7.779,9.877,-9,-19.287,122.222,110.0,12.222,176.835,-84,303,361,664,90.759,99.446,-8.687,-19.001
SD-SN-KJ-MH,False,10.257,5.187,5.07,18,21,39,-19.998,5.082,77.778,114.286,-36.508,24.45,-38.999,-12.981,14.84,-27.821,-10,-44.081,69.811,130.769,-60.958,176.835,-84,303,361,664,90.759,99.446,-8.687,-19.001
AC-IK-EF-MH,False,9.492,2.91,6.582,10,22,32,-6.285,6.28,90.0,68.182,21.818,-45.682,-25.285,-0.759,-31.264,30.505,-6,-31.565,162.5,95.0,67.5,176.835,-84,303,361,664,90.759,99.446,-8.687,-19.001
SD-SN-IK-MH,False,9.437,4.992,4.445,19,16,35,82.583,123.666,115.789,43.75,72.039,101.468,63.582,25.03,-55.696,80.726,15,-60.084,78.571,108.0,-29.429,176.835,-84,303,361,664,90.759,99.446,-8.687,-19.001
SD-SN-SI-MH,False,9.388,3.132,6.257,13,23,36,-10.823,-4.776,100.0,86.957,13.043,3.279,-29.824,9.241,-12.489,21.73,-7,-25.048,111.765,102.0,9.765,176.835,-84,303,361,664,90.759,99.446,-8.687,-19.001
DP-DP-IK-AM7,False,9.353,5.247,4.107,16,19,35,-10.935,-0.498,37.5,68.421,-30.921,-23.932,-29.936,-53.259,-31.025,-22.234,-7,-29.438,83.333,90.323,-6.989,176.835,-84,303,361,664,90.759,99.446,-8.687,-19.001
SD-SN-DP-AC,False,8.923,5.143,3.78,20,11,31,72.792,88.648,100.0,72.727,27.273,96.753,53.792,9.241,-26.719,35.96,12,-34.856,71.429,140.909,-69.481,176.835,-84,303,361,664,90.759,99.446,-8.687,-19.001
MS-AC-IK-AM7,False,8.902,5.153,3.748,17,16,33,10.014,13.933,82.353,100.0,-17.647,-9.368,-8.987,-8.406,0.554,-8.96,-2,-22.92,86.364,94.643,-8.279,176.835,-84,303,361,664,90.759,99.446,-8.687,-19.001
MS-SI-AC-KJ,False,8.758,4.498,4.26,13,16,29,14.434,7.826,69.231,62.5,6.731,12.025,-4.567,-21.528,-36.946,15.418,-1,-12.393,80.0,85.294,-5.294,176.835,-84,303,361,664,90.759,99.446,-8.687,-19.001
MS-IK-EF-AM7,False,8.747,4.208,4.538,15,19,34,-35.877,-51.321,66.667,115.789,-49.123,-49.463,-54.878,-24.092,16.343,-40.436,-12,-3.557,107.317,106.977,0.34,176.835,-84,303,361,664,90.759,99.446,-8.687,-19.001
MS-SI-EF-KJ,False,8.297,4.118,4.178,15,15,30,23.822,-46.677,66.667,60.0,6.667,-55.288,4.821,-24.092,-39.446,15.354,1,51.498,110.526,48.571,61.955,176.835,-84,303,361,664,90.759,99.446,-8.687,-19.001
MS-SI-AC-IK,False,8.183,5.26,2.923,15,13,28,-20.103,-6.063,60.0,130.769,-70.769,-19.487,-39.104,-30.759,31.323,-62.082,-8,-33.041,65.385,116.667,-51.282,176.835,-84,303,361,664,90.759,99.446,-8.687,-19.001
SN-DP-AC-MH,False,8.027,4.137,3.89,16,12,28,43.918,67.837,106.25,100.0,6.25,54.792,24.917,15.491,0.554,14.937,5,-42.92,73.333,121.875,-48.542,176.835,-84,303,361,664,90.759,99.446,-8.687,-19.001
SN-DP-IK-MH,False,7.778,2.875,4.903,12,18,30,44.713,78.778,108.333,44.444,63.889,81.418,25.712,17.574,-55.002,72.576,5,-53.066,58.333,75.862,-17.529,176.835,-84,303,361,664,90.759,99.446,-8.687,-19.001
SD-SN-DP-IK,False,7.763,3.58,4.183,14,14,28,44.763,55.983,100.0,64.286,35.714,51.868,25.762,9.241,-35.16,44.401,5,-30.221,53.846,70.0,-16.154,176.835,-84,303,361,664,90.759,99.446,-8.687,-19.001
SN-SI-AC-IK,False,7.717,4.345,3.372,14,13,27,-6.917,9.6,71.429,115.385,-43.956,-2.78,-25.918,-19.331,15.939,-35.269,-5,-35.518,76.471,117.647,-41.176,176.835,-84,303,361,664,90.759,99.446,-8.687,-19.001
SD-SI-EF-MH,False,7.548,2.577,4.972,11,17,28,29.599,17.607,118.182,64.706,53.476,42.525,10.598,27.423,-34.74,62.163,2,-7.008,117.073,106.122,10.951,176.835,-84,303,361,664,90.759,99.446,-8.687,-19.001
SN-AC-IK-KJ,False,7.547,3.985,3.562,15,13,28,24.301,67.509,100.0,107.692,-7.692,45.338,5.3,9.241,8.246,0.995,1,-62.208,83.333,136.364,-53.03,176.835,-84,303,361,664,90.759,99.446,-8.687,-19.001
SI-IK-EF-AM7,False,7.533,4.303,3.23,14,12,26,-50.026,-71.092,50.0,166.667,-116.667,-126.45,-69.027,-40.759,67.221,-107.98,-13,2.066,121.212,111.429,9.784,176.835,-84,303,361,664,90.759,99.446,-8.687,-19.001
SD-SN-DP-KJ,False,7.448,4.455,2.993,15,11,26,61.963,66.082,120.0,90.909,29.091,75.92,42.963,29.241,-8.537,37.778,8,-23.12,73.171,120.0,-46.829,176.835,-84,303,361,664,90.759,99.446,-8.687,-19.001
SN-AC-IK-AM7,False,7.365,3.982,3.383,16,15,31,13.57,78.485,75.0,86.667,-11.667,38.583,-5.431,-15.759,-12.779,-2.98,-1,-83.916,93.75,144.0,-50.25,176.835,-84,303,361,664,90.759,99.446,-8.687,-19.001
SD-AC-KJ-MH,False,7.22,2.967,4.253,10,16,26,-41.941,-20.298,130.0,150.0,-20.0,17.647,-60.942,39.241,50.554,-11.313,-11,-40.644,80.0,117.647,-37.647,176.835,-84,303,361,664,90.759,99.446,-8.687,-19.001
MS-AC-EF-KJ,False,7.077,3.083,3.993,11,15,26,24.653,-2.207,63.636,40.0,23.636,-11.69,5.652,-27.123,-59.446,32.323,1,7.86,87.5,52.174,35.326,176.835,-84,303,361,664,90.759,99.446,-8.687,-19.001
MS-SI-AC-AM7,False,7.073,4.508,2.565,14,11,25,-14.929,-50.05,50.0,118.182,-68.182,-81.461,-33.93,-40.759,18.736,-59.495,-6,16.119,88.889,75.61,13.279,176.835,-84,303,361,664,90.759,99.446,-8.687,-19.001
SD-DP-AC-MH,False,7.043,3.782,3.262,15,9,24,87.15,88.667,120.0,66.667,53.333,98.667,68.15,29.241,-32.779,62.02,12,-20.518,86.667,132.0,-45.333,176.835,-84,303,361,664,90.759,99.446,-8.687,-19.001
SD-DP-EF-MH,False,6.925,3.642,3.283,14,15,29,-21.432,-16.629,71.429,113.333,-41.905,-4.444,-40.433,-19.331,13.887,-33.218,-7,-23.804,80.488,117.949,-37.461,176.835,-84,303,361,664,90.759,99.446,-8.687,-19.001
MS-SD-DP-EF,False,6.91,3.318,3.592,15,15,30,-4.154,-3.431,86.667,113.333,-26.667,-4.444,-23.155,-4.092,13.887,-17.98,-4,-19.724,77.778,100.0,-22.222,176.835,-84,303,361,664,90.759,99.446,-8.687,-19.001
SD-SN-EF-AM7,False,6.898,3.428,3.47,11,13,24,-33.186,-25.981,100.0,153.846,-53.846,-50.774,-52.187,9.241,54.4,-45.159,-9,-26.205,106.452,109.524,-3.072,176.835,-84,303,361,664,90.759,99.446,-8.687,-19.001
SI-AC-EF-KJ,False,6.745,2.822,3.923,10,14,24,36.792,-9.627,70.0,28.571,41.429,-18.571,17.791,-20.759,-70.875,50.115,3,27.418,100.0,40.0,60.0,176.835,-84,303,361,664,90.759,99.446,-8.687,-19.001
DP-AC-EF-MH,False,6.735,1.812,4.923,6,18,24,-34.451,-11.124,83.333,77.778,5.556,-13.194,-53.452,-7.426,-21.668,14.242,-9,-42.328,112.5,93.75,18.75,176.835,-84,303,361,664,90.759,99.446,-8.687,-19.001
MS-SI-AC-EF,False,6.468,2.822,3.647,10,13,23,37.553,-3.953,70.0,30.769,39.231,1.091,18.552,-20.759,-68.677,47.918,3,22.505,89.655,51.515,38.14,176.835,-84,303,361,664,90.759,99.446,-8.687,-19.001
SN-DP-KJ-MH,False,6.445,3.215,3.23,13,15,28,31.413,44.064,100.0,73.333,26.667,68.333,12.413,9.241,-26.113,35.354,2,-31.651,72.222,113.889,-41.667,176.835,-84,303,361,664,90.759,99.446,-8.687,-19.001
SD-DP-IK-MH,False,6.307,2.34,3.967,9,13,22,31.686,52.115,77.778,38.462,39.316,57.173,12.685,-12.981,-60.984,48.003,2,-39.43,58.333,76.19,-17.857,176.835,-84,303,361,664,90.759,99.446,-8.687,-19.001
DP-DP-SI-AM7,False,6.27,4.173,2.097,12,9,21,6.242,1.893,58.333,100.0,-41.667,-25.0,-12.759,-32.426,0.554,-32.98,-2,-14.652,83.333,100.0,-16.667,176.835,-84,303,361,664,90.759,99.446,-8.687,-19.001
SD-SN-EF-KJ,False,6.168,4.312,1.857,14,9,23,51.424,69.575,78.571,66.667,11.905,77.646,32.424,-12.188,-32.779,20.592,5,-37.152,59.259,125.0,-65.741,176.835,-84,303,361,664,90.759,99.446,-8.687,-19.001
SD-SN-AC-KJ,False,6.145,2.533,3.612,8,13,21,-46.093,-18.698,100.0,138.462,-38.462,13.205,-65.094,9.241,39.016,-29.775,-10,-46.395,75.0,126.667,-51.667,176.835,-84,303,361,664,90.759,99.446,-8.687,-19.001
SI-AC-IK-KJ,False,5.83,3.38,2.45,9,9,18,-1.582,50.066,100.0,133.333,-33.333,38.462,-20.583,9.241,33.887,-24.646,-3,-70.649,61.538,133.333,-71.795,176.835,-84,303,361,664,90.759,99.446,-8.687,-19.001
DP-AC-IK-EF,False,5.753,1.222,4.532,4,16,20,-29.667,42.637,75.0,62.5,12.5,-2.237,-48.667,-15.759,-36.946,21.187,-7,-91.304,120.0,105.263,14.737,176.835,-84,303,361,664,90.759,99.446,-8.687,-19.001
DP-IK-EF-MH,False,5.753,1.222,4.532,4,16,20,-29.667,48.017,75.0,62.5,12.5,-18.75,-48.667,-15.759,-36.946,21.187,-7,-96.684,150.0,118.75,31.25,176.835,-84,303,361,664,90.759,99.446,-8.687,-19.001
DP-AC-IK-MH,False,5.753,1.222,4.532,4,16,20,-29.667,-38.984,75.0,62.5,12.5,-36.49,-48.667,-15.759,-36.946,21.187,-7,-9.683,154.545,105.556,48.99,176.835,-84,303,361,664,90.759,99.446,-8.687,-19.001
SD-SN-DP-EF,False,5.697,3.628,2.068,11,10,21,4.957,21.944,81.818,110.0,-28.182,30.824,-14.043,-8.941,10.554,-19.495,-2,-35.987,69.565,128.571,-59.006,176.835,-84,303,361,664,90.759,99.446,-8.687,-19.001
SD-SN-SI-AM7,False,5.692,3.288,2.403,10,10,20,4.945,15.897,110.0,130.0,-20.0,-27.143,-14.056,19.241,30.554,-11.313,-2,-29.952,100.0,92.857,7.143,176.835,-84,303,361,664,90.759,99.446,-8.687,-19.001
SN-SI-KJ-MH,False,5.588,1.908,3.68,8,15,23,-16.788,18.648,100.0,86.667,13.333,33.86,-35.789,9.241,-12.779,22.02,-5,-54.437,89.474,110.0,-20.526,176.835,-84,303,361,664,90.759,99.446,-8.687,-19.001
MS-SI-EF-AM7,False,5.468,3.168,2.3,10,8,18,-54.148,-91.668,50.0,187.5,-137.5,-161.265,-73.148,-40.759,88.054,-128.813,-10,18.52,111.765,88.0,23.765,176.835,-84,303,361,664,90.759,99.446,-8.687,-19.001
SD-SN-AM7-MH,False,5.043,1.772,3.272,7,12,19,-99.968,-100.951,42.857,150.0,-107.143,-101.071,-118.969,-47.902,50.554,-98.456,-15,-18.018,98.276,104.348,-6.072,176.835,-84,303,361,664,90.759,99.446,-8.687,-19.001
MS-SI-A'M-EF,False,4.967,2.49,2.477,12,10,22,51.216,10.66,116.667,100.0,16.667,-10.538,32.215,25.908,0.554,25.354,4,21.555,104.478,77.273,27.205,176.835,-84,303,361,664,90.759,99.446,-8.687,-19.001
SN-EF-KJ-MH,False,4.96,2.537,2.423,9,9,18,-13.257,15.528,55.556,100.0,-44.444,23.556,-32.258,-35.204,0.554,-35.758,-4,-47.786,64.0,132.0,-68.0,176.835,-84,303,361,664,90.759,99.446,-8.687,-19.001
SN-SI-EF-AM7,False,4.937,3.145,1.792,10,8,18,35.206,39.017,110.0,112.5,-2.5,-11.324,16.205,19.241,13.054,6.187,2,-22.812,116.667,107.843,8.824,176.835,-84,303,361,664,90.759,99.446,-8.687,-19.001
SN-DP-EF-MH,False,4.875,2.853,2.022,10,10,20,-71.256,-31.687,50.0,160.0,-110.0,-67.576,-90.256,-40.759,60.554,-101.313,-11,-58.569,72.727,115.152,-42.424,176.835,-84,303,361,664,90.759,99.446,-8.687,-19.001
SD-DP-AC-KJ,False,4.817,2.002,2.815,7,9,16,35.61,41.124,157.143,100.0,57.143,96.537,16.609,66.384,0.554,65.83,2,-24.515,83.333,122.727,-39.394,176.835,-84,303,361,664,90.759,99.446,-8.687,-19.001
MS-DP-AC-A'M,False,4.698,2.018,2.68,9,9,18,-6.54,-0.921,122.222,155.556,-33.333,-16.264,-25.541,31.463,56.11,-24.646,-3,-24.62,84.783,101.852,-17.069,176.835,-84,303,361,664,90.759,99.446,-8.687,-19.001
SN-AC-KJ-MH,False,4.675,1.582,3.093,5,11,16,-66.561,-46.127,120.0,145.455,-25.455,23.194,-85.561,29.241,46.009,-16.768,-10,-39.434,78.378,127.027,-48.649,176.835,-84,303,361,664,90.759,99.446,-8.687,-19.001
SN-DP-IK-KJ,False,4.632,2.537,2.095,10,9,19,36.273,76.767,130.0,122.222,7.778,119.206,17.272,39.241,22.776,16.465,2,-59.494,28.571,140.0,-111.429,176.835,-84,303,361,664,90.759,99.446,-8.687,-19.001
MS-SD-EF-MH,False,4.62,2.405,2.215,10,9,19,10.343,11.887,70.0,88.889,-18.889,30.928,-8.658,-20.759,-10.557,-10.202,-1,-20.545,69.231,119.048,-49.817,176.835,-84,303,361,664,90.759,99.446,-8.687,-19.001
SN-DP-SI-MH,False,4.618,2.318,2.3,10,11,21,10.34,-0.558,80.0,81.818,-1.818,-53.467,-8.661,-10.759,-17.628,6.869,-1,-8.103,128.571,76.923,51.648,176.835,-84,303,361,664,90.759,99.446,-8.687,-19.001
SN-SI-AC-KJ,False,4.585,2.145,2.44,7,8,15,-7.172,11.381,100.0,125.0,-25.0,-0.275,-26.172,9.241,25.554,-16.313,-3,-37.553,71.429,96.154,-24.725,176.835,-84,303,361,664,90.759,99.446,-8.687,-19.001
SN-SI-IK-KJ,False,4.48,2.388,2.092,8,7,15,36.858,69.066,125.0,114.286,10.714,70.714,17.857,34.241,14.84,19.401,2,-51.209,75.0,135.0,-60.0,176.835,-84,303,361,664,90.759,99.446,-8.687,-19.001
SD-SI-AM7-KJ,False,4.417,0.772,3.645,3,13,16,-44.395,-23.226,166.667,92.308,74.359,76.859,-63.396,75.908,-7.138,83.046,-7,-40.17,87.5,90.0,-2.5,176.835,-84,303,361,664,90.759,99.446,-8.687,-19.001
MS-SD-DP-MH,False,4.36,1.788,2.572,8,11,19,-17.696,-9.735,87.5,100.0,-12.5,14.722,-36.697,-3.259,0.554,-3.813,-4,-26.962,77.778,105.0,-27.222,176.835,-84,303,361,664,90.759,99.446,-8.687,-19.001
MS-DP-IK-A'M,False,4.273,1.825,2.448,8,8,16,0.28,34.464,112.5,137.5,-25.0,6.177,-18.721,21.741,38.054,-16.313,-2,-53.185,90.698,121.875,-31.177,176.835,-84,303,361,664,90.759,99.446,-8.687,-19.001
MS-AC-IK-A'M,False,4.273,1.825,2.448,8,8,16,0.28,6.598,112.5,137.5,-25.0,-10.781,-18.721,21.741,38.054,-16.313,-2,-25.319,87.097,101.316,-14.219,176.835,-84,303,361,664,90.759,99.446,-8.687,-19.001
DP-AC-IK-A'M,False,4.273,1.825,2.448,8,8,16,0.28,19.184,112.5,137.5,-25.0,-11.295,-18.721,21.741,38.054,-16.313,-2,-37.905,89.744,103.448,-13.705,176.835,-84,303,361,664,90.759,99.446,-8.687,-19.001
MS-SI-IK-KJ,False,4.242,3.215,1.027,10,6,16,-9.29,3.392,80.0,183.333,-103.333,-60.476,-28.291,-10.759,83.887,-94.646,-3,-31.683,82.143,125.0,-42.857,176.835,-84,303,361,664,90.759,99.446,-8.687,-19.001
SD-SI-EF-AM7,False,4.227,2.733,1.493,8,6,14,66.319,71.528,137.5,100.0,37.5,34.268,47.319,46.741,0.554,46.187,5,-24.21,112.121,108.889,3.232,176.835,-84,303,361,664,90.759,99.446,-8.687,-19.001
SN-DP-EF-KJ,False,4.137,2.283,1.853,6,7,13,57.679,95.967,133.333,57.143,76.19,153.968,38.678,42.574,-42.303,84.877,4,-57.289,50.0,127.778,-77.778,176.835,-84,303,361,664,90.759,99.446,-8.687,-19.001
MS-SI-IK-A'M,False,4.125,2.315,1.81,11,8,19,86.88,89.416,109.091,62.5,46.591,72.873,67.879,18.332,-36.946,55.278,7,-21.537,90.385,116.667,-26.282,176.835,-84,303,361,664,90.759,99.446,-8.687,-19.001
MS-IK-A'M-EF,False,4.125,2.315,1.81,11,8,19,86.88,85.434,109.091,62.5,46.591,53.614,67.879,18.332,-36.946,55.278,7,-17.556,106.977,114.0,-7.023,176.835,-84,303,361,664,90.759,99.446,-8.687,-19.001
SI-IK-A'M-EF,False,4.125,2.315,1.81,11,8,19,86.88,62.231,109.091,62.5,46.591,38.483,67.879,18.332,-36.946,55.278,7,5.648,121.622,113.514,8.108,176.835,-84,303,361,664,90.759,99.446,-8.687,-19.001
SN-DP-AC-KJ,False,4.12,2.585,1.535,8,6,14,19.001,3.565,100.0,133.333,-33.333,1.778,0.0,9.241,33.887,-24.646,0,-3.565,76.0,111.111,-35.111,176.835,-84,303,361,664,90.759,99.446,-8.687,-19.001
DP-DP-SI-IK,False,4.068,3.235,0.833,8,4,12,-10.495,38.916,25.0,125.0,-100.0,-37.783,-29.496,-65.759,25.554,-91.313,-3,-68.412,73.077,135.294,-62.217,176.835,-84,303,361,664,90.759,99.446,-8.687,-19.001
DP-SI-IK-AM7,False,4.068,3.235,0.833,8,4,12,-10.495,19.06,25.0,125.0,-100.0,-57.544,-29.496,-65.759,25.554,-91.313,-3,-48.556,73.333,115.789,-42.456,176.835,-84,303,361,664,90.759,99.446,-8.687,-19.001
SD-SN-IK-AM7,False,4.007,2.432,1.575,11,8,19,58.934,82.663,72.727,50.0,22.727,45.227,39.933,-18.032,-49.446,31.414,4,-42.73,73.333,95.833,-22.5,176.835,-84,303,361,664,90.759,99.446,-8.687,-19.001
DP-SI-KJ-MH,False,4.007,1.908,2.098,8,10,18,19.001,45.627,100.0,80.0,20.0,-15.526,0.0,9.241,-19.446,28.687,0,-45.627,125.0,89.474,35.526,176.835,-84,303,361,664,90.759,99.446,-8.687,-19.001
MS-DP-EF-MH,False,4.003,1.788,2.215,8,9,17,9.009,2.861,87.5,88.889,-1.389,18.444,-9.992,-3.259,-10.557,7.298,-1,-12.853,76.0,95.833,-19.833,176.835,-84,303,361,664,90.759,99.446,-8.687,-19.001
MS-SD-AM7-KJ,False,3.977,0.802,3.175,3,12,15,-31.293,19.131,200.0,91.667,108.333,123.563,-50.293,109.241,-7.779,117.02,-5,-69.424,91.667,106.897,-15.23,176.835,-84,303,361,664,90.759,99.446,-8.687,-19.001
SD-DP-IK-KJ,False,3.933,2.007,1.927,7,7,14,19.001,152.312,100.0,100.0,0.0,140.0,0.0,9.241,0.554,8.687,0,-152.312,0.0,140.0,-140.0,176.835,-84,303,361,664,90.759,99.446,-8.687,-19.001
SN-DP-SI-KJ,False,3.875,1.908,1.967,8,10,18,39.646,67.77,100.0,60.0,40.0,87.222,20.645,9.241,-39.446,48.687,2,-47.125,44.444,91.667,-47.222,176.835,-84,303,361,664,90.759,99.446,-8.687,-19.001
SN-SI-AC-AM7,False,3.828,2.2,1.628,7,7,14,-43.69,-17.114,42.857,128.571,-85.714,-48.214,-62.69,-47.902,29.125,-77.027,-6,-45.577,75.0,112.5,-37.5,176.835,-84,303,361,664,90.759,99.446,-8.687,-19.001
SD-AC-IK-AM7,False,3.813,1.067,2.747,5,11,16,-12.468,46.264,100.0,72.727,27.273,60.173,-31.469,9.241,-26.719,35.96,-3,-77.733,90.909,123.81,-32.9,176.835,-84,303,361,664,90.759,99.446,-8.687,-19.001
SN-SI-IK-AM7,False,3.723,2.443,1.28,8,6,14,8.258,16.491,75.0,116.667,-41.667,-37.434,-10.743,-15.759,17.221,-32.98,-1,-27.234,114.286,118.519,-4.233,176.835,-84,303,361,664,90.759,99.446,-8.687,-19.001
MS-SI-AM7-KJ,False,3.72,0.683,3.037,3,12,15,-77.773,-107.454,100.0,100.0,0.0,-24.0,-96.774,9.241,0.554,8.687,-9,10.68,100.0,76.0,24.0,176.835,-84,303,361,664,90.759,99.446,-8.687,-19.001
SD-DP-EF-KJ,False,3.667,1.775,1.892,5,7,12,40.819,71.855,120.0,57.143,62.857,135.238,21.818,29.241,-42.303,71.544,2,-50.037,47.619,120.0,-72.381,176.835,-84,303,361,664,90.759,99.446,-8.687,-19.001
SD-IK-KJ-MH,False,3.635,1.785,1.85,6,8,14,-36.02,172.288,33.333,87.5,-54.167,45.833,-55.021,-57.426,-11.946,-45.48,-5,-227.309,100.0,200.0,-100.0,176.835,-84,303,361,664,90.759,99.446,-8.687,-19.001
DP-IK-EF-AM7,False,3.618,1.475,2.143,6,10,16,-47.328,15.551,33.333,80.0,-46.667,-4.242,-66.329,-57.426,-19.446,-37.98,-6,-81.88,90.909,133.333,-42.424,176.835,-84,303,361,664,90.759,99.446,-8.687,-19.001
SN-EF-AM7-MH,False,3.545,1.107,2.438,5,9,14,-161.535,-154.502,0.0,177.778,-177.778,-180.742,-180.536,-90.759,78.332,-169.091,-16,-26.034,118.182,115.217,2.964,176.835,-84,303,361,664,90.759,99.446,-8.687,-19.001
SD-EF-AM7-MH,False,3.43,1.312,2.118,5,7,12,-109.279,-105.404,0.0,157.143,-157.143,-146.093,-128.28,-90.759,57.697,-148.456,-11,-22.876,107.317,118.367,-11.05,176.835,-84,303,361,664,90.759,99.446,-8.687,-19.001
SD-EF-KJ-MH,False,3.393,2.537,0.857,9,5,14,30.789,54.257,55.556,80.0,-24.444,48.323,11.788,-35.204,-19.446,-15.758,1,-42.47,59.375,132.143,-72.768,176.835,-84,303,361,664,90.759,99.446,-8.687,-19.001
SD-DP-AM7-KJ,False,3.38,1.643,1.737,5,6,11,-4.668,-62.957,100.0,116.667,-16.667,-55.882,-23.669,9.241,17.221,-7.98,-2,39.288,105.882,66.667,39.216,176.835,-84,303,361,664,90.759,99.446,-8.687,-19.001
MS-DP-A'M-EF,False,3.373,1.705,1.668,8,7,15,-28.43,-14.955,100.0,171.429,-71.429,-47.387,-47.431,9.241,71.983,-62.742,-4,-32.476,90.244,114.286,-24.042,176.835,-84,303,361,664,90.759,99.446,-8.687,-19.001
DP-DP-SI-AC,False,3.37,2.577,0.793,5,3,8,-4.738,-16.225,0.0,66.667,-66.667,-41.111,-23.739,-90.759,-32.779,-57.98,-2,-7.514,77.778,103.333,-25.556,176.835,-84,303,361,664,90.759,99.446,-8.687,-19.001
AC-IK-AM7-KJ,False,3.348,1.843,1.505,8,6,14,126.517,151.247,137.5,33.333,104.167,130.813,107.516,46.741,-66.113,112.854,9,-43.73,88.571,115.217,-26.646,176.835,-84,303,361,664,90.759,99.446,-8.687,-19.001
MS-SD-SI-KJ,False,3.088,0.0,3.088,0,11,11,-110.519,-87.933,0.0,90.909,-90.909,-118.909,-129.52,-90.759,-8.537,-82.222,-10,-41.586,100.0,72.0,28.0,176.835,-84,303,361,664,90.759,99.446,-8.687,-19.001
SD-SN-AC-IK,False,3.05,1.753,1.297,7,6,13,97.689,298.469,142.857,66.667,76.19,116.19,78.689,52.098,-32.779,84.877,6,-219.78,200.0,240.0,-40.0,176.835,-84,303,361,664,90.759,99.446,-8.687,-19.001
MS-SD-DP-A'M,False,2.907,1.53,1.377,7,6,13,-22.284,1.259,85.714,150.0,-64.286,-27.619,-41.284,-5.045,50.554,-55.599,-3,-42.544,83.333,120.0,-36.667,176.835,-84,303,361,664,90.759,99.446,-8.687,-19.001
SD-DP-A'M-EF,False,2.907,1.53,1.377,7,6,13,-22.284,-28.123,85.714,150.0,-64.286,-33.662,-41.284,-5.045,50.554,-55.599,-3,-13.161,80.488,111.111,-30.623,176.835,-84,303,361,664,90.759,99.446,-8.687,-19.001
MS-SD-A'M-EF,False,2.907,1.53,1.377,7,6,13,-22.284,-37.224,85.714,150.0,-64.286,-59.023,-41.284,-5.045,50.554,-55.599,-3,-4.061,84.211,89.474,-5.263,176.835,-84,303,361,664,90.759,99.446,-8.687,-19.001
MS-SN-AM7-KJ,False,2.867,1.767,1.1,6,5,11,102.722,141.169,183.333,100.0,83.333,66.486,83.721,92.574,0.554,92.02,6,-57.448,112.5,95.652,16.848,176.835,-84,303,361,664,90.759,99.446,-8.687,-19.001
MS-SD-KJ-MH,False,2.862,1.31,1.552,4,6,10,-50.889,-6.517,50.0,116.667,-66.667,37.798,-69.889,-40.759,17.221,-57.98,-5,-63.372,31.25,135.714,-104.464,176.835,-84,303,361,664,90.759,99.446,-8.687,-19.001
SD-DP-SI-KJ,False,2.815,0.772,2.043,3,7,10,-23.628,20.496,166.667,114.286,52.381,66.27,-42.629,75.908,14.84,61.068,-3,-63.125,75.0,88.889,-13.889,176.835,-84,303,361,664,90.759,99.446,-8.687,-19.001
MS-SD-DP-KJ,False,2.783,0.815,1.968,3,6,9,4.63,30.51,200.0,116.667,83.333,135.531,-14.371,109.241,17.221,92.02,-1,-44.881,69.231,121.429,-52.198,176.835,-84,303,361,664,90.759,99.446,-8.687,-19.001
SD-SI-KJ-MH,False,2.763,1.15,1.613,4,7,11,-96.801,-60.349,100.0,171.429,-71.429,-70.519,-115.802,9.241,71.983,-62.742,-8,-55.453,109.091,110.0,-0.909,176.835,-84,303,361,664,90.759,99.446,-8.687,-19.001
MS-IK-AM7-KJ,False,2.75,1.812,0.938,7,5,12,106.273,98.517,142.857,80.0,62.857,70.559,87.273,52.098,-19.446,71.544,6,-11.245,94.737,102.439,-7.702,176.835,-84,303,361,664,90.759,99.446,-8.687,-19.001
SD-DP-KJ-MH,False,2.723,1.265,1.458,5,5,10,48.377,60.145,120.0,80.0,40.0,89.624,29.376,29.241,-19.446,48.687,2,-30.769,71.429,121.053,-49.624,176.835,-84,303,361,664,90.759,99.446,-8.687,-19.001
SD-SN-IK-KJ,False,2.628,1.475,1.153,7,5,12,64.657,186.764,100.0,80.0,20.0,128.333,45.656,9.241,-19.446,28.687,3,-141.107,66.667,175.0,-108.333,176.835,-84,303,361,664,90.759,99.446,-8.687,-19.001
SD-SN-AC-AM7,False,2.583,1.067,1.517,5,7,12,-11.967,-14.748,100.0,100.0,0.0,42.857,-30.968,9.241,0.554,8.687,-2,-16.22,100.0,142.857,-42.857,176.835,-84,303,361,664,90.759,99.446,-8.687,-19.001
MS-SD-IK-KJ,False,2.58,1.31,1.27,4,5,9,-58.519,74.379,50.0,140.0,-90.0,35.0,-77.519,-40.759,40.554,-81.313,-5,-151.899,33.333,158.333,-125.0,176.835,-84,303,361,664,90.759,99.446,-8.687,-19.001
MS-IK-KJ-MH,False,2.58,1.31,1.27,4,5,9,-58.519,-64.891,50.0,140.0,-90.0,-61.212,-77.519,-40.759,40.554,-81.313,-5,-12.628,116.667,145.455,-28.788,176.835,-84,303,361,664,90.759,99.446,-8.687,-19.001
MS-SD-IK-MH,False,2.58,1.31,1.27,4,5,9,-58.519,32.404,50.0,140.0,-90.0,-67.778,-77.519,-40.759,40.554,-81.313,-5,-109.924,100.0,122.222,-22.222,176.835,-84,303,361,664,90.759,99.446,-8.687,-19.001
SN-IK-AM7-KJ,False,2.535,1.26,1.275,7,5,12,97.896,137.242,100.0,40.0,60.0,101.667,78.895,9.241,-59.446,68.687,5,-58.347,83.333,125.0,-41.667,176.835,-84,303,361,664,90.759,99.446,-8.687,-19.001
MS-SD-SI-AM7,False,2.525,0.0,2.525,0,9,9,-107.732,-84.098,0.0,88.889,-88.889,-99.603,-126.733,-90.759,-10.557,-80.202,-8,-42.635,100.0,89.286,10.714,176.835,-84,303,361,664,90.759,99.446,-8.687,-19.001
MS-SD-AC-KJ,False,2.502,0.815,1.687,3,5,8,34.99,93.471,200.0,100.0,100.0,157.955,15.989,109.241,0.554,108.687,1,-77.482,54.545,112.5,-57.955,176.835,-84,303,361,664,90.759,99.446,-8.687,-19.001
SN-SI-AM7-MH,False,2.498,0.8,1.698,3,7,10,-141.106,-133.889,0.0,142.857,-142.857,-142.29,-160.107,-90.759,43.411,-134.17,-10,-26.218,113.158,113.725,-0.568,176.835,-84,303,361,664,90.759,99.446,-8.687,-19.001
SD-SI-AC-MH,False,2.483,1.418,1.065,5,5,10,-45.429,-21.82,80.0,160.0,-80.0,-105.0,-64.43,-10.759,60.554,-71.313,-4,-42.61,100.0,75.0,25.0,176.835,-84,303,361,664,90.759,99.446,-8.687,-19.001
SD-DP-IK-AM7,False,2.41,1.413,0.997,4,4,8,-30.792,-18.094,0.0,75.0,-75.0,-65.152,-49.793,-90.759,-24.446,-66.313,-3,-31.699,58.333,68.182,-9.848,176.835,-84,303,361,664,90.759,99.446,-8.687,-19.001
SN-IK-EF-MH,False,2.323,1.572,0.752,7,4,11,70.651,120.788,100.0,100.0,0.0,-40.761,51.65,9.241,0.554,8.687,3,-69.138,162.5,121.739,40.761,176.835,-84,303,361,664,90.759,99.446,-8.687,-19.001
SI-AC-EF-MH,False,2.32,1.008,1.312,4,4,8,36.242,0.151,150.0,125.0,25.0,25.0,17.241,59.241,25.554,33.687,1,17.09,100.0,100.0,0.0,176.835,-84,303,361,664,90.759,99.446,-8.687,-19.001
SI-IK-EF-MH,False,2.32,1.008,1.312,4,4,8,36.242,6.905,150.0,125.0,25.0,20.714,17.241,59.241,25.554,33.687,1,10.336,140.0,135.714,4.286,176.835,-84,303,361,664,90.759,99.446,-8.687,-19.001
SI-AC-IK-MH,False,2.32,1.008,1.312,4,4,8,36.242,-2.024,150.0,125.0,25.0,14.02,17.241,59.241,25.554,33.687,1,19.266,117.647,106.667,10.98,176.835,-84,303,361,664,90.759,99.446,-8.687,-19.001
SI-AC-IK-EF,False,2.32,1.008,1.312,4,4,8,36.242,8.749,150.0,125.0,25.0,-12.5,17.241,59.241,25.554,33.687,1,8.493,137.5,100.0,37.5,176.835,-84,303,361,664,90.759,99.446,-8.687,-19.001
DP-SI-AC-IK,False,2.253,2.1,0.153,4,1,5,-16.502,-0.32,0.0,200.0,-200.0,-136.134,-35.503,-90.759,100.554,-191.313,-2,-35.183,64.706,128.571,-63.866,176.835,-84,303,361,664,90.759,99.446,-8.687,-19.001
DP-SI-AC-AM7,False,2.253,2.1,0.153,4,1,5,-16.502,-40.302,0.0,200.0,-200.0,-177.143,-35.503,-90.759,100.554,-191.313,-2,4.799,70.0,92.857,-22.857,176.835,-84,303,361,664,90.759,99.446,-8.687,-19.001
DP-DP-AC-AM7,False,2.253,2.1,0.153,4,1,5,-16.502,-37.208,0.0,200.0,-200.0,-200.231,-35.503,-90.759,100.554,-191.313,-2,1.705,89.362,89.13,0.231,176.835,-84,303,361,664,90.759,99.446,-8.687,-19.001
DP-AC-IK-AM7,False,2.253,2.1,0.153,4,1,5,-16.502,-16.958,0.0,200.0,-200.0,-204.286,-35.503,-90.759,100.554,-191.313,-2,-18.545,90.0,85.714,4.286,176.835,-84,303,361,664,90.759,99.446,-8.687,-19.001
MS-SD-DP-AC,False,2.22,0.815,1.405,3,4,7,37.019,185.557,200.0,125.0,75.0,225.0,18.018,109.241,25.554,83.687,1,-167.539,0.0,150.0,-150.0,176.835,-84,303,361,664,90.759,99.446,-8.687,-19.001
SN-IK-AM7-MH,False,2.168,0.947,1.222,5,6,11,111.238,135.355,140.0,33.333,106.667,121.644,92.237,49.241,-66.113,115.354,5,-43.118,95.833,110.811,-14.977,176.835,-84,303,361,664,90.759,99.446,-8.687,-19.001
SN-AC-AM7-KJ,False,2.142,0.715,1.427,4,5,9,19.001,24.929,100.0,80.0,20.0,40.69,0.0,9.241,-19.446,28.687,0,-24.929,100.0,120.69,-20.69,176.835,-84,303,361,664,90.759,99.446,-8.687,-19.001
DP-SI-EF-AM7,False,2.125,1.302,0.823,5,4,9,0.177,24.908,40.0,75.0,-35.0,-28.333,-18.824,-50.759,-24.446,-26.313,-1,-43.732,108.333,115.0,-6.667,176.835,-84,303,361,664,90.759,99.446,-8.687,-19.001
SN-DP-AC-EF,False,2.115,1.098,1.017,3,4,7,-18.824,74.448,133.333,150.0,-16.667,61.765,-37.825,42.574,50.554,-7.98,-2,-112.273,33.333,111.765,-78.431,176.835,-84,303,361,664,90.759,99.446,-8.687,-19.001
SD-SI-AM7-MH,False,2.098,0.555,1.543,2,6,8,-114.438,-110.894,0.0,116.667,-116.667,-114.502,-133.439,-90.759,17.221,-107.98,-7,-22.545,112.121,114.286,-2.165,176.835,-84,303,361,664,90.759,99.446,-8.687,-19.001
MS-SI-AC-MH,False,2.055,1.228,0.827,3,3,6,19.001,-22.305,0.0,0.0,0.0,-4.848,0.0,-90.759,-99.446,8.687,0,22.305,86.667,81.818,4.848,176.835,-84,303,361,664,90.759,99.446,-8.687,-19.001
DP-IK-KJ-MH,False,2.04,0.713,1.327,3,6,9,-0.607,-2.795,66.667,50.0,16.667,23.611,-19.608,-24.092,-49.446,25.354,-1,-16.813,137.5,144.444,-6.944,176.835,-84,303,361,664,90.759,99.446,-8.687,-19.001
SI-AC-KJ-MH,False,2.028,1.15,0.878,4,4,8,-59.882,-49.628,100.0,200.0,-100.0,-89.683,-78.882,9.241,100.554,-91.313,-4,-29.254,78.571,88.889,-10.317,176.835,-84,303,361,664,90.759,99.446,-8.687,-19.001
SD-SI-AC-KJ,False,2.028,1.15,0.878,4,4,8,-59.882,-58.816,100.0,200.0,-100.0,-156.667,-78.882,9.241,100.554,-91.313,-4,-20.067,116.667,60.0,56.667,176.835,-84,303,361,664,90.759,99.446,-8.687,-19.001
DP-AC-EF-KJ,False,2.025,0.508,1.517,1,5,6,-20.505,23.321,200.0,80.0,120.0,161.667,-39.506,109.241,-19.446,128.687,-2,-62.827,75.0,116.667,-41.667,176.835,-84,303,361,664,90.759,99.446,-8.687,-19.001
SD-SN-IK-EF,False,1.992,1.405,0.587,6,3,9,119.419,191.377,116.667,66.667,50.0,150.0,100.418,25.908,-32.779,58.687,5,-90.958,50.0,150.0,-100.0,176.835,-84,303,361,664,90.759,99.446,-8.687,-19.001
SD-IK-EF-MH,False,1.992,1.405,0.587,6,3,9,119.419,220.485,116.667,66.667,50.0,135.714,100.418,25.908,-32.779,58.687,5,-120.067,100.0,185.714,-85.714,176.835,-84,303,361,664,90.759,99.446,-8.687,-19.001
SD-IK-AM7-KJ,False,1.987,1.173,0.813,4,3,7,-41.402,58.803,0.0,100.0,-100.0,-8.333,-60.403,-90.759,0.554,-91.313,-3,-119.205,66.667,158.333,-91.667,176.835,-84,303,361,664,90.759,99.446,-8.687,-19.001
SD-SN-AM7-KJ,False,1.95,1.103,0.847,5,4,9,80.539,79.141,120.0,75.0,45.0,34.956,61.538,29.241,-24.446,53.687,3,-17.602,103.226,93.182,10.044,176.835,-84,303,361,664,90.759,99.446,-8.687,-19.001
SD-DP-SI-AM7,False,1.892,0.772,1.12,3,4,7,40.146,58.704,166.667,100.0,66.667,116.667,21.145,75.908,0.554,75.354,1,-37.559,0.0,50.0,-50.0,176.835,-84,303,361,664,90.759,99.446,-8.687,-19.001
DP-SI-AM7-KJ,False,1.892,0.772,1.12,3,4,7,40.146,-64.876,166.667,100.0,66.667,-24.762,21.145,75.908,0.554,75.354,1,86.022,120.0,28.571,91.429,176.835,-84,303,361,664,90.759,99.446,-8.687,-19.001
MS-SD-AC-AM7,False,1.89,0.84,1.05,3,4,7,-65.655,-20.632,66.667,150.0,-83.333,-62.319,-84.656,-24.092,50.554,-74.646,-4,-64.024,83.333,104.348,-21.014,176.835,-84,303,361,664,90.759,99.446,-8.687,-19.001
MS-SD-AC-MH,False,1.87,1.108,0.762,4,3,7,-2.39,90.289,50.0,100.0,-50.0,43.333,-21.39,-40.759,0.554,-41.313,-1,-111.68,40.0,133.333,-93.333,176.835,-84,303,361,664,90.759,99.446,-8.687,-19.001
DP-SI-IK-EF,False,1.815,1.135,0.68,4,3,7,-3.038,36.641,50.0,100.0,-50.0,-40.431,-22.039,-40.759,0.554,-41.313,-1,-58.68,127.273,136.842,-9.569,176.835,-84,303,361,664,90.759,99.446,-8.687,-19.001
MS-DP-IK-EF,False,1.803,0.34,1.463,2,7,9,-91.905,-5.532,0.0,71.429,-71.429,-16.504,-110.906,-90.759,-28.017,-62.742,-5,-105.374,90.909,145.833,-54.924,176.835,-84,303,361,664,90.759,99.446,-8.687,-19.001
MS-DP-EF-AM7,False,1.803,0.34,1.463,2,7,9,-91.905,-73.768,0.0,71.429,-71.429,-61.292,-110.906,-90.759,-28.017,-62.742,-5,-37.137,115.789,125.926,-10.136,176.835,-84,303,361,664,90.759,99.446,-8.687,-19.001
MS-DP-IK-AM7,False,1.803,0.34,1.463,2,7,9,-91.905,-74.594,0.0,71.429,-71.429,-63.435,-110.906,-90.759,-28.017,-62.742,-5,-36.312,96.552,104.545,-7.994,176.835,-84,303,361,664,90.759,99.446,-8.687,-19.001
SN-SI-EF-KJ,False,1.795,0.0,1.795,0,5,5,-92.42,-38.659,0.0,100.0,-100.0,-58.824,-111.421,-90.759,0.554,-91.313,-5,-72.761,100.0,141.176,-41.176,176.835,-84,303,361,664,90.759,99.446,-8.687,-19.001
MS-SD-AM7-MH,False,1.75,1.457,0.293,5,1,6,-3.856,15.375,40.0,300.0,-260.0,-237.083,-22.857,-50.759,200.554,-251.313,-1,-38.232,108.333,131.25,-22.917,176.835,-84,303,361,664,90.759,99.446,-8.687,-19.001
MS-AC-AM7-KJ,False,1.733,1.128,0.605,4,3,7,180.539,175.728,175.0,0.0,175.0,174.335,161.538,84.241,-99.446,183.687,7,-14.189,90.909,90.244,0.665,176.835,-84,303,361,664,90.759,99.446,-8.687,-19.001
SN-IK-KJ-MH,False,1.725,0.752,0.973,3,5,8,-4.188,104.245,66.667,60.0,6.667,98.333,-23.188,-24.092,-39.446,15.354,-1,-127.434,100.0,191.667,-91.667,176.835,-84,303,361,664,90.759,99.446,-8.687,-19.001
SN-DP-IK-AM7,False,1.723,0.8,0.923,4,5,9,111.844,118.271,100.0,0.0,100.0,113.555,92.843,9.241,-99.446,108.687,4,-25.428,64.706,78.261,-13.555,176.835,-84,303,361,664,90.759,99.446,-8.687,-19.001
SI-IK-EF-KJ,False,1.703,1.297,0.407,5,2,7,-27.966,-54.884,60.0,250.0,-190.0,-184.118,-46.967,-30.759,150.554,-181.313,-2,7.917,100.0,105.882,-5.882,176.835,-84,303,361,664,90.759,99.446,-8.687,-19.001
SD-IK-EF-AM7,False,1.66,0.425,1.235,2,4,6,43.097,42.837,100.0,25.0,75.0,70.758,24.096,9.241,-74.446,83.687,1,-18.74,90.909,86.667,4.242,176.835,-84,303,361,664,90.759,99.446,-8.687,-19.001
MS-AC-AM7-MH,False,1.617,1.323,0.293,4,1,5,-5.742,-24.742,50.0,300.0,-250.0,-276.263,-24.742,-40.759,200.554,-241.313,-1,0.0,144.444,118.182,26.263,176.835,-84,303,361,664,90.759,99.446,-8.687,-19.001
SI-EF-KJ-MH,False,1.567,0.0,1.567,0,4,4,-108.659,-104.868,0.0,125.0,-125.0,-103.655,-127.66,-90.759,25.554,-116.313,-5,-22.792,94.444,115.789,-21.345,176.835,-84,303,361,664,90.759,99.446,-8.687,-19.001
MS-AC-A'M-KJ,False,1.552,0.897,0.655,3,3,6,-109.893,-114.306,66.667,233.333,-166.667,-160.236,-128.894,-24.092,133.887,-157.98,-5,-14.587,84.746,91.176,-6.431,176.835,-84,303,361,664,90.759,99.446,-8.687,-19.001
SN-DP-AC-IK,False,1.517,1.125,0.392,4,2,6,19.001,104.348,100.0,200.0,-100.0,-9.091,0.0,9.241,100.554,-91.313,0,-104.348,0.0,90.909,-90.909,176.835,-84,303,361,664,90.759,99.446,-8.687,-19.001
SN-DP-SI-EF,False,1.51,0.577,0.933,3,4,7,-60.469,-43.452,0.0,75.0,-75.0,-53.571,-79.47,-90.759,-24.446,-66.313,-3,-36.018,100.0,121.429,-21.429,176.835,-84,303,361,664,90.759,99.446,-8.687,-19.001
DP-IK-AM7-KJ,False,1.488,0.872,0.617,2,2,4,-61.626,-90.667,0.0,150.0,-150.0,-197.222,-80.627,-90.759,50.554,-141.313,-3,10.04,108.333,61.111,47.222,176.835,-84,303,361,664,90.759,99.446,-8.687,-19.001
SD-AC-EF-AM7,False,1.457,0.0,1.457,0,5,5,-90.839,-117.837,0.0,80.0,-80.0,-110.769,-109.84,-90.759,-19.446,-71.313,-4,7.997,100.0,69.231,30.769,176.835,-84,303,361,664,90.759,99.446,-8.687,-19.001
MS-IK-EF-KJ,False,1.453,1.297,0.157,5,1,6,19.001,-11.952,60.0,300.0,-240.0,-246.502,0.0,-30.759,200.554,-231.313,0,11.952,94.737,88.235,6.502,176.835,-84,303,361,664,90.759,99.446,-8.687,-19.001
MS-SD-SN-KJ,False,1.452,0.802,0.65,3,3,6,101.664,131.444,200.0,100.0,100.0,131.25,82.664,109.241,0.554,108.687,3,-48.78,68.75,100.0,-31.25,176.835,-84,303,361,664,90.759,99.446,-8.687,-19.001
MS-SD-SN-AM7,False,1.452,0.802,0.65,3,3,6,101.664,138.408,200.0,100.0,100.0,79.167,82.664,109.241,0.554,108.687,3,-55.744,112.5,91.667,20.833,176.835,-84,303,361,664,90.759,99.446,-8.687,-19.001
MS-SD-IK-AM7,False,1.452,0.425,1.027,2,4,6,-8.554,38.454,100.0,75.0,25.0,44.231,-27.555,9.241,-24.446,33.687,-1,-66.009,92.308,111.538,-19.231,176.835,-84,303,361,664,90.759,99.446,-8.687,-19.001
SI-IK-AM7-KJ,False,1.445,0.683,0.762,3,4,7,-64.044,-72.751,100.0,150.0,-50.0,-29.189,-83.045,9.241,50.554,-41.313,-3,-10.294,90.0,110.811,-20.811,176.835,-84,303,361,664,90.759,99.446,-8.687,-19.001
DP-SI-A'M-EF,False,1.445,0.175,1.27,1,4,5,-202.453,-225.684,200.0,250.0,-50.0,-66.85,-221.453,109.241,150.554,-41.313,-8,4.231,114.286,97.436,16.85,176.835,-84,303,361,664,90.759,99.446,-8.687,-19.001
MS-AC-EF-MH,False,1.418,0.68,0.738,2,2,4,19.001,-6.359,0.0,0.0,0.0,7.692,0.0,-90.759,-99.446,8.687,0,6.359,92.308,100.0,-7.692,176.835,-84,303,361,664,90.759,99.446,-8.687,-19.001
MS-IK-EF-MH,False,1.418,0.68,0.738,2,2,4,19.001,-18.37,0.0,0.0,0.0,3.175,0.0,-90.759,-99.446,8.687,0,18.37,111.111,114.286,-3.175,176.835,-84,303,361,664,90.759,99.446,-8.687,-19.001
MS-AC-IK-EF,False,1.418,0.68,0.738,2,2,4,19.001,28.615,0.0,0.0,0.0,-4.167,0.0,-90.759,-99.446,8.687,0,-28.615,100.0,95.833,4.167,176.835,-84,303,361,664,90.759,99.446,-8.687,-19.001
MS-AC-IK-MH,False,1.418,0.68,0.738,2,2,4,19.001,-11.889,0.0,0.0,0.0,-23.856,0.0,-90.759,-99.446,8.687,0,11.889,129.412,105.556,23.856,176.835,-84,303,361,664,90.759,99.446,-8.687,-19.001
DP-IK-AM7-MH,False,1.342,0.258,1.083,2,5,7,138.255,133.806,200.0,0.0,200.0,200.49,119.255,109.241,-99.446,208.687,4,-14.551,58.333,58.824,-0.49,176.835,-84,303,361,664,90.759,99.446,-8.687,-19.001
MS-SD-EF-AM7,False,1.312,1.042,0.27,4,1,5,79.992,68.087,50.0,0.0,50.0,45.833,60.991,-40.759,-99.446,58.687,2,-7.096,100.0,95.833,4.167,176.835,-84,303,361,664,90.759,99.446,-8.687,-19.001
MS-SN-DP-AM7,False,1.172,0.722,0.45,2,2,4,19.001,25.946,100.0,100.0,0.0,19.444,0.0,9.241,0.554,8.687,0,-25.946,125.0,144.444,-19.444,176.835,-84,303,361,664,90.759,99.446,-8.687,-19.001
SN-DP-AM7-KJ,False,1.172,0.722,0.45,2,2,4,19.001,-38.469,100.0,100.0,0.0,-33.333,0.0,9.241,0.554,8.687,0,38.469,100.0,66.667,33.333,176.835,-84,303,361,664,90.759,99.446,-8.687,-19.001
MS-DP-AM7-KJ,False,1.172,0.722,0.45,2,2,4,19.001,-40.678,100.0,100.0,0.0,-62.783,0.0,9.241,0.554,8.687,0,40.678,134.783,72.0,62.783,176.835,-84,303,361,664,90.759,99.446,-8.687,-19.001
MS-SN-DP-KJ,False,1.172,0.722,0.45,2,2,4,19.001,0.0,100.0,100.0,0.0,-75.0,0.0,9.241,0.554,8.687,0,0.0,150.0,75.0,75.0,176.835,-84,303,361,664,90.759,99.446,-8.687,-19.001
SN-AC-EF-KJ,False,1.133,0.508,0.625,1,2,3,19.001,191.489,200.0,100.0,100.0,200.0,0.0,109.241,0.554,108.687,0,-191.489,0.0,100.0,-100.0,176.835,-84,303,361,664,90.759,99.446,-8.687,-19.001
SD-AC-AM7-MH,False,1.133,0.84,0.293,3,1,4,-16.293,-19.56,66.667,300.0,-233.333,-200.0,-35.294,-24.092,200.554,-224.646,-1,-15.734,100.0,133.333,-33.333,176.835,-84,303,361,664,90.759,99.446,-8.687,-19.001
MS-DP-SI-AC,False,1.117,0.477,0.64,1,2,3,19.001,16.249,0.0,0.0,0.0,43.056,0.0,-90.759,-99.446,8.687,0,-16.249,62.5,105.556,-43.056,176.835,-84,303,361,664,90.759,99.446,-8.687,-19.001
MS-DP-AC-MH,False,1.117,0.477,0.64,1,2,3,19.001,-25.76,0.0,0.0,0.0,4.286,0.0,-90.759,-99.446,8.687,0,25.76,110.0,114.286,-4.286,176.835,-84,303,361,664,90.759,99.446,-8.687,-19.001
MS-DP-SI-MH,False,1.117,0.477,0.64,1,2,3,19.001,6.849,0.0,0.0,0.0,-15.152,0.0,-90.759,-99.446,8.687,0,-6.849,81.818,66.667,15.152,176.835,-84,303,361,664,90.759,99.446,-8.687,-19.001
DP-SI-AC-MH,False,1.117,0.477,0.64,1,2,3,19.001,-70.073,0.0,0.0,0.0,-75.0,0.0,-90.759,-99.446,8.687,0,70.073,137.5,62.5,75.0,176.835,-84,303,361,664,90.759,99.446,-8.687,-19.001
SN-IK-EF-AM7,False,1.112,0.442,0.67,2,4,6,-16.981,9.793,150.0,100.0,50.0,56.579,-35.982,59.241,0.554,58.687,-1,-45.775,125.0,131.579,-6.579,176.835,-84,303,361,664,90.759,99.446,-8.687,-19.001
SN-DP-AM7-MH,False,1.072,0.258,0.813,2,4,6,168.301,144.112,200.0,0.0,200.0,198.571,149.3,109.241,-99.446,208.687,4,5.189,80.0,78.571,1.429,176.835,-84,303,361,664,90.759,99.446,-8.687,-19.001
MS-SI-A'M-KJ,False,1.072,0.442,0.63,1,2,3,-130.299,-145.761,0.0,200.0,-200.0,-214.455,-149.3,-90.759,100.554,-191.313,-4,-3.54,94.737,80.282,14.455,176.835,-84,303,361,664,90.759,99.446,-8.687,-19.001
SD-IK-AM7-MH,False,1.035,0.522,0.513,2,2,4,134.943,157.76,150.0,0.0,150.0,163.333,115.942,59.241,-99.446,158.687,3,-41.818,86.667,100.0,-13.333,176.835,-84,303,361,664,90.759,99.446,-8.687,-19.001
SI-EF-AM7-MH,False,1.033,0.245,0.788,1,3,4,-97.128,-112.802,0.0,100.0,-100.0,-105.871,-116.129,-90.759,0.554,-91.313,-3,-3.327,120.455,114.583,5.871,176.835,-84,303,361,664,90.759,99.446,-8.687,-19.001
MS-SN-IK-AM7,False,1.023,0.518,0.505,2,3,5,175.353,256.981,300.0,66.667,233.333,251.667,156.352,209.241,-32.779,242.02,4,-100.629,140.0,158.333,-18.333,176.835,-84,303,361,664,90.759,99.446,-8.687,-19.001
SN-AC-EF-MH,False,0.982,0.59,0.392,2,2,4,-62.493,4.759,100.0,200.0,-100.0,-66.429,-81.494,9.241,100.554,-91.313,-2,-86.253,71.429,105.0,-33.571,176.835,-84,303,361,664,90.759,99.446,-8.687,-19.001
DP-A'M-EF-JB,False,0.978,0.0,0.978,0,3,3,-267.2,-254.384,0.0,233.333,-233.333,-209.111,-286.201,-90.759,133.887,-224.646,-7,-31.817,88.0,112.222,-24.222,176.835,-84,303,361,664,90.759,99.446,-8.687,-19.001
DP-SI-A'M-JB,False,0.978,0.0,0.978,0,3,3,-267.2,-278.763,0.0,233.333,-233.333,-231.321,-286.201,-90.759,133.887,-224.646,-7,-7.438,93.443,95.455,-2.012,176.835,-84,303,361,664,90.759,99.446,-8.687,-19.001
DP-SI-EF-JB,False,0.978,0.0,0.978,0,3,3,-267.2,-290.432,0.0,233.333,-233.333,-250.183,-286.201,-90.759,133.887,-224.646,-7,4.231,114.286,97.436,16.85,176.835,-84,303,361,664,90.759,99.446,-8.687,-19.001
SI-A'M-EF-JB,False,0.978,0.0,0.978,0,3,3,-267.2,-296.52,0.0,233.333,-233.333,-256.954,-286.201,-90.759,133.887,-224.646,-7,10.319,110.577,86.957,23.62,176.835,-84,303,361,664,90.759,99.446,-8.687,-19.001
SI-AC-A'M-KJ,False,0.973,0.442,0.532,1,2,3,-63.191,-63.94,0.0,100.0,-100.0,-94.545,-82.192,-90.759,0.554,-91.313,-2,-18.252,80.0,85.455,-5.455,176.835,-84,303,361,664,90.759,99.446,-8.687,-19.001
DP-SI-EF-MH,False,0.972,0.41,0.562,2,2,4,-104.498,-151.723,0.0,150.0,-150.0,-192.222,-123.499,-90.759,50.554,-141.313,-3,28.224,122.222,80.0,42.222,176.835,-84,303,361,664,90.759,99.446,-8.687,-19.001
AC-IK-EF-AM7,False,0.965,0.0,0.965,0,3,3,-22.45,-7.319,0.0,33.333,-33.333,-43.86,-41.451,-90.759,-66.113,-24.646,-1,-34.131,100.0,89.474,10.526,176.835,-84,303,361,664,90.759,99.446,-8.687,-19.001
SD-AC-IK-EF,False,0.965,0.0,0.965,0,3,3,-22.45,-58.054,0.0,33.333,-33.333,-60.606,-41.451,-90.759,-66.113,-24.646,-1,16.603,100.0,72.727,27.273,176.835,-84,303,361,664,90.759,99.446,-8.687,-19.001
SD-AC-IK-MH,False,0.958,0.687,0.272,2,1,3,227.696,322.01,250.0,0.0,250.0,305.556,208.696,159.241,-99.446,258.687,5,-113.314,100.0,155.556,-55.556,176.835,-84,303,361,664,90.759,99.446,-8.687,-19.001
SN-AC-IK-MH,False,0.958,0.687,0.272,2,1,3,227.696,299.355,250.0,0.0,250.0,266.434,208.696,159.241,-99.446,258.687,5,-90.659,118.182,134.615,-16.434,176.835,-84,303,361,664,90.759,99.446,-8.687,-19.001
SD-SN-DP-A'M,False,0.932,0.645,0.287,3,1,4,147.802,146.901,100.0,0.0,100.0,134.355,128.801,9.241,-99.446,108.687,3,-18.1,69.811,104.167,-34.355,176.835,-84,303,361,664,90.759,99.446,-8.687,-19.001
SD-DP-AC-EF,False,0.892,0.0,0.892,0,3,3,-70.719,-56.247,0.0,66.667,-66.667,-33.333,-89.72,-90.759,-32.779,-57.98,-2,-33.473,100.0,133.333,-33.333,176.835,-84,303,361,664,90.759,99.446,-8.687,-19.001
SD-AC-EF-KJ,False,0.892,0.0,0.892,0,3,3,-70.719,-239.02,0.0,66.667,-66.667,-266.667,-89.72,-90.759,-32.779,-57.98,-2,149.3,200.0,0.0,200.0,176.835,-84,303,361,664,90.759,99.446,-8.687,-19.001
SN-DP-AC-A'M,False,0.882,0.645,0.237,3,1,4,64.369,118.063,100.0,200.0,-100.0,-13.517,45.369,9.241,100.554,-91.313,1,-72.695,48.0,134.483,-86.483,176.835,-84,303,361,664,90.759,99.446,-8.687,-19.001
MS-A'M-EF-KJ,False,0.805,0.262,0.543,1,2,3,-179.757,-216.024,0.0,200.0,-200.0,-217.045,-198.758,-90.759,100.554,-191.313,-4,17.266,87.5,70.455,17.045,176.835,-84,303,361,664,90.759,99.446,-8.687,-19.001
MS-SN-EF-AM7,False,0.78,0.275,0.505,1,3,4,70.283,87.554,300.0,66.667,233.333,259.524,51.282,209.241,-32.779,242.02,1,-36.272,116.667,142.857,-26.19,176.835,-84,303,361,664,90.759,99.446,-8.687,-19.001
MS-SN-IK-EF,False,0.78,0.275,0.505,1,3,4,70.283,69.001,300.0,66.667,233.333,238.889,51.282,209.241,-32.779,242.02,1,-17.719,150.0,155.556,-5.556,176.835,-84,303,361,664,90.759,99.446,-8.687,-19.001
MS-SD-AC-IK,False,0.757,0.0,0.757,0,3,3,-139.59,-82.566,0.0,100.0,-100.0,-57.576,-158.59,-90.759,0.554,-91.313,-3,-76.025,66.667,109.091,-42.424,176.835,-84,303,361,664,90.759,99.446,-8.687,-19.001
AC-A'M-EF-KJ,False,0.707,0.262,0.445,1,2,3,-94.207,-109.304,0.0,100.0,-100.0,-125.0,-113.208,-90.759,0.554,-91.313,-2,-3.903,87.5,62.5,25.0,176.835,-84,303,361,664,90.759,99.446,-8.687,-19.001
MS-SI-AC-A'M,False,0.697,0.442,0.255,1,1,2,-95.832,-114.833,0.0,200.0,-200.0,-197.205,-114.833,-90.759,100.554,-191.313,-2,0.0,79.661,82.456,-2.795,176.835,-84,303,361,664,90.759,99.446,-8.687,-19.001
MS-SD-IK-EF,False,0.695,0.425,0.27,2,1,3,134.109,132.833,100.0,0.0,100.0,83.333,115.108,9.241,-99.446,108.687,2,-17.725,100.0,83.333,16.667,176.835,-84,303,361,664,90.759,99.446,-8.687,-19.001
SD-SN-DP-AM7,False,0.652,0.542,0.11,2,1,3,19.001,-6.264,0.0,0.0,0.0,-3.922,0.0,-90.759,-99.446,8.687,0,6.264,83.333,79.412,3.922,176.835,-84,303,361,664,90.759,99.446,-8.687,-19.001
SI-A'M-EF-KJ,False,0.652,0.0,0.652,0,2,2,-103.761,-156.401,0.0,100.0,-100.0,-144.737,-122.762,-90.759,0.554,-91.313,-2,33.638,107.895,63.158,44.737,176.835,-84,303,361,664,90.759,99.446,-8.687,-19.001
SD-SN-AC-A'M,False,0.645,0.645,0.0,3,0,3,205.047,260.993,100.0,0.0,100.0,195.652,186.047,9.241,-99.446,108.687,3,-74.947,43.478,139.13,-95.652,176.835,-84,303,361,664,90.759,99.446,-8.687,-19.001
SD-DP-AC-A'M,False,0.645,0.645,0.0,3,0,3,205.047,260.866,100.0,0.0,100.0,189.855,186.047,9.241,-99.446,108.687,3,-74.819,66.667,156.522,-89.855,176.835,-84,303,361,664,90.759,99.446,-8.687,-19.001
MS-EF-AM7-MH,False,0.617,0.617,0.0,2,0,2,19.001,-20.772,0.0,0.0,0.0,19.048,0.0,-90.759,-99.446,8.687,0,20.772,109.524,128.571,-19.048,176.835,-84,303,361,664,90.759,99.446,-8.687,-19.001
SN-SI-AM7-KJ,False,0.592,0.243,0.348,1,1,2,86.606,101.809,300.0,200.0,100.0,109.142,67.606,209.241,100.554,108.687,1,-34.203,86.207,95.349,-9.142,176.835,-84,303,361,664,90.759,99.446,-8.687,-19.001
MS-DP-SI-KJ,False,0.563,0.0,0.563,0,2,2,-123.011,-130.444,0.0,100.0,-100.0,-105.263,-142.012,-90.759,0.554,-91.313,-2,-11.568,105.263,100.0,5.263,176.835,-84,303,361,664,90.759,99.446,-8.687,-19.001
MS-SD-DP-SI,False,0.563,0.0,0.563,0,2,2,-123.011,-142.012,0.0,100.0,-100.0,-113.333,-142.012,-90.759,0.554,-91.313,-2,0.0,80.0,66.667,13.333,176.835,-84,303,361,664,90.759,99.446,-8.687,-19.001
SN-DP-A'M-MH,False,0.523,0.0,0.523,0,2,2,-133.865,-120.269,0.0,100.0,-100.0,-70.474,-152.866,-90.759,0.554,-91.313,-2,-32.598,68.75,98.276,-29.526,176.835,-84,303,361,664,90.759,99.446,-8.687,-19.001
SN-AC-A'M-MH,False,0.518,0.0,0.518,0,2,2,-135.34,-86.634,0.0,100.0,-100.0,-37.154,-154.341,-90.759,0.554,-91.313,-2,-67.707,56.667,119.512,-62.846,176.835,-84,303,361,664,90.759,99.446,-8.687,-19.001
SD-SN-AC-EF,False,0.492,0.0,0.492,0,2,2,-225.067,-75.942,0.0,150.0,-150.0,-16.667,-244.068,-90.759,50.554,-141.313,-3,-168.126,0.0,133.333,-133.333,176.835,-84,303,361,664,90.759,99.446,-8.687,-19.001
SN-AC-EF-AM7,False,0.492,0.0,0.492,0,2,2,-225.067,-138.457,0.0,150.0,-150.0,-73.333,-244.068,-90.759,50.554,-141.313,-3,-105.611,40.0,116.667,-76.667,176.835,-84,303,361,664,90.759,99.446,-8.687,-19.001
SI-AC-AM7-MH,False,0.483,0.483,0.0,1,0,1,19.001,-21.501,0.0,0.0,0.0,-3.365,0.0,-90.759,-99.446,8.687,0,21.501,118.75,115.385,3.365,176.835,-84,303,361,664,90.759,99.446,-8.687,-19.001
MS-SI-AM7-MH,False,0.483,0.483,0.0,1,0,1,19.001,-31.398,0.0,0.0,0.0,-20.0,0.0,-90.759,-99.446,8.687,0,31.398,120.0,100.0,20.0,176.835,-84,303,361,664,90.759,99.446,-8.687,-19.001
MS-DP-SI-A'M,False,0.467,0.175,0.292,1,1,2,-66.714,-66.504,200.0,300.0,-100.0,-85.227,-85.714,109.241,200.554,-91.313,-1,-19.211,87.5,102.273,-14.773,176.835,-84,303,361,664,90.759,99.446,-8.687,-19.001
MS-DP-SI-EF,False,0.467,0.175,0.292,1,1,2,-66.714,-89.213,200.0,300.0,-100.0,-121.524,-85.714,109.241,200.554,-91.313,-1,3.499,109.524,88.0,21.524,176.835,-84,303,361,664,90.759,99.446,-8.687,-19.001
MS-SD-SI-MH,False,0.455,0.268,0.187,1,1,2,19.001,-18.005,0.0,0.0,0.0,-11.111,0.0,-90.759,-99.446,8.687,0,18.005,111.111,100.0,11.111,176.835,-84,303,361,664,90.759,99.446,-8.687,-19.001
MS-SD-SI-AC,False,0.455,0.268,0.187,1,1,2,19.001,-14.502,0.0,0.0,0.0,-64.444,0.0,-90.759,-99.446,8.687,0,14.502,120.0,55.556,64.444,176.835,-84,303,361,664,90.759,99.446,-8.687,-19.001
MS-AC-A'M-EF,False,0.43,0.262,0.168,1,1,2,-167.046,-187.73,0.0,200.0,-200.0,-221.159,-186.047,-90.759,100.554,-191.313,-2,1.683,92.857,71.698,21.159,176.835,-84,303,361,664,90.759,99.446,-8.687,-19.001
DP-AC-A'M-KJ,False,0.425,0.193,0.232,1,1,2,-75.117,-71.979,200.0,300.0,-100.0,-76.334,-94.118,109.241,200.554,-91.313,-1,-22.139,89.796,113.462,-23.666,176.835,-84,303,361,664,90.759,99.446,-8.687,-19.001
MS-DP-A'M-KJ,False,0.425,0.193,0.232,1,1,2,-75.117,-82.057,200.0,300.0,-100.0,-100.284,-94.118,109.241,200.554,-91.313,-1,-12.061,101.923,101.639,0.284,176.835,-84,303,361,664,90.759,99.446,-8.687,-19.001
SD-SN-SI-KJ,False,0.375,0.0,0.375,0,2,2,-194.333,-160.412,0.0,100.0,-100.0,-89.286,-213.333,-90.759,0.554,-91.313,-2,-52.922,75.0,85.714,-10.714,176.835,-84,303,361,664,90.759,99.446,-8.687,-19.001
SD-DP-SI-MH,False,0.36,0.0,0.36,0,1,1,-203.221,-253.636,0.0,200.0,-200.0,-263.077,-222.222,-90.759,100.554,-191.313,-2,31.414,140.0,76.923,63.077,176.835,-84,303,361,664,90.759,99.446,-8.687,-19.001
MS-SD-JB-MH,False,0.357,0.0,0.357,0,2,2,-317.448,-313.775,0.0,150.0,-150.0,-112.083,-336.449,-90.759,50.554,-141.313,-3,-22.674,68.75,106.667,-37.917,176.835,-84,303,361,664,90.759,99.446,-8.687,-19.001
MS-SD-DP-JB,False,0.357,0.0,0.357,0,2,2,-317.448,-294.673,0.0,150.0,-150.0,-117.204,-336.449,-90.759,50.554,-141.313,-3,-41.775,83.333,116.129,-32.796,176.835,-84,303,361,664,90.759,99.446,-8.687,-19.001
SD-DP-JB-MH,False,0.357,0.0,0.357,0,2,2,-317.448,-322.887,0.0,150.0,-150.0,-127.08,-336.449,-90.759,50.554,-141.313,-3,-13.562,79.747,102.667,-22.92,176.835,-84,303,361,664,90.759,99.446,-8.687,-19.001
MS-DP-JB-MH,False,0.357,0.0,0.357,0,2,2,-317.448,-325.544,0.0,150.0,-150.0,-143.687,-336.449,-90.759,50.554,-141.313,-3,-10.904,90.909,97.222,-6.313,176.835,-84,303,361,664,90.759,99.446,-8.687,-19.001
MS-AC-A'M-JB,False,0.357,0.0,0.357,0,2,2,-429.597,-437.687,0.0,200.0,-200.0,-198.272,-448.598,-90.759,100.554,-191.313,-4,-10.911,86.869,88.596,-1.728,176.835,-84,303,361,664,90.759,99.446,-8.687,-19.001
AC-A'M-JB-AM7,False,0.357,0.0,0.357,0,2,2,-429.597,-442.38,0.0,200.0,-200.0,-200.995,-448.598,-90.759,100.554,-191.313,-4,-6.219,87.952,86.957,0.995,176.835,-84,303,361,664,90.759,99.446,-8.687,-19.001
MS-A'M-JB-AM7,False,0.357,0.0,0.357,0,2,2,-429.597,-444.566,0.0,200.0,-200.0,-210.535,-448.598,-90.759,100.554,-191.313,-4,-4.033,102.564,92.029,10.535,176.835,-84,303,361,664,90.759,99.446,-8.687,-19.001
MS-AC-A'M-AM7,False,0.357,0.0,0.357,0,2,2,-429.597,-449.696,0.0,200.0,-200.0,-212.424,-448.598,-90.759,100.554,-191.313,-4,1.098,92.424,80.0,12.424,176.835,-84,303,361,664,90.759,99.446,-8.687,-19.001
MS-AC-JB-AM7,False,0.357,0.0,0.357,0,2,2,-429.597,-449.688,0.0,200.0,-200.0,-213.477,-448.598,-90.759,100.554,-191.313,-4,1.09,92.424,78.947,13.477,176.835,-84,303,361,664,90.759,99.446,-8.687,-19.001
SI-AC-AM7-KJ,False,0.348,0.0,0.348,0,1,1,-210.664,-216.196,0.0,200.0,-200.0,-188.417,-229.665,-90.759,100.554,-191.313,-2,-13.469,85.714,97.297,-11.583,176.835,-84,303,361,664,90.759,99.446,-8.687,-19.001
IK-EF-AM7-MH,False,0.332,0.167,0.165,1,1,2,-222.205,-234.562,0.0,200.0,-200.0,-178.182,-241.206,-90.759,100.554,-191.313,-2,-6.645,118.182,140.0,-21.818,176.835,-84,303,361,664,90.759,99.446,-8.687,-19.001
SN-DP-EF-AM7,False,0.31,0.167,0.143,1,1,2,19.001,68.107,0.0,0.0,0.0,83.333,0.0,-90.759,-99.446,8.687,0,-68.107,66.667,150.0,-83.333,176.835,-84,303,361,664,90.759,99.446,-8.687,-19.001
SN-DP-SI-AM7,False,0.31,0.167,0.143,1,1,2,19.001,59.448,0.0,0.0,0.0,71.429,0.0,-90.759,-99.446,8.687,0,-59.448,28.571,100.0,-71.429,176.835,-84,303,361,664,90.759,99.446,-8.687,-19.001
SD-SN-A'M-MH,False,0.287,0.0,0.287,0,1,1,19.001,26.592,0.0,0.0,0.0,28.378,0.0,-90.759,-99.446,8.687,0,-26.592,71.622,100.0,-28.378,176.835,-84,303,361,664,90.759,99.446,-8.687,-19.001
SD-DP-A'M-MH,False,0.287,0.0,0.287,0,1,1,19.001,16.954,0.0,0.0,0.0,27.489,0.0,-90.759,-99.446,8.687,0,-16.954,77.273,104.762,-27.489,176.835,-84,303,361,664,90.759,99.446,-8.687,-19.001
SN-AC-A'M-JB,False,0.282,0.0,0.282,0,1,1,19.001,57.685,0.0,0.0,0.0,52.222,0.0,-90.759,-99.446,8.687,0,-57.685,57.778,110.0,-52.222,176.835,-84,303,361,664,90.759,99.446,-8.687,-19.001
SN-AC-JB-MH,False,0.282,0.0,0.282,0,1,1,19.001,46.306,0.0,0.0,0.0,43.788,0.0,-90.759,-99.446,8.687,0,-46.306,75.51,119.298,-43.788,176.835,-84,303,361,664,90.759,99.446,-8.687,-19.001
MS-AC-KJ-MH,False,0.282,0.0,0.282,0,1,1,19.001,15.656,0.0,0.0,0.0,36.41,0.0,-90.759,-99.446,8.687,0,-15.656,86.667,123.077,-36.41,176.835,-84,303,361,664,90.759,99.446,-8.687,-19.001
SN-A'M-JB-MH,False,0.282,0.0,0.282,0,1,1,19.001,31.784,0.0,0.0,0.0,18.75,0.0,-90.759,-99.446,8.687,0,-31.784,78.571,97.321,-18.75,176.835,-84,303,361,664,90.759,99.446,-8.687,-19.001
AC-A'M-JB-MH,False,0.282,0.0,0.282,0,1,1,19.001,15.909,0.0,0.0,0.0,11.395,0.0,-90.759,-99.446,8.687,0,-15.909,93.22,104.615,-11.395,176.835,-84,303,361,664,90.759,99.446,-8.687,-19.001
SI-AC-A'M-EF,False,0.277,0.0,0.277,0,1,1,19.001,-7.522,0.0,0.0,0.0,-22.01,0.0,-90.759,-99.446,8.687,0,7.522,94.737,72.727,22.01,176.835,-84,303,361,664,90.759,99.446,-8.687,-19.001
SD-DP-AM7-MH,False,0.27,0.0,0.27,0,1,1,19.001,-2.035,0.0,0.0,0.0,1.931,0.0,-90.759,-99.446,8.687,0,2.035,83.784,85.714,-1.931,176.835,-84,303,361,664,90.759,99.446,-8.687,-19.001
SI-EF-AM7-KJ,False,0.25,0.0,0.25,0,1,1,-300.999,-345.002,0.0,200.0,-200.0,-229.61,-320.0,-90.759,100.554,-191.313,-2,25.002,111.429,81.818,29.61,176.835,-84,303,361,664,90.759,99.446,-8.687,-19.001
IK-EF-AM7-KJ,False,0.25,0.0,0.25,0,1,1,-300.999,-347.487,0.0,200.0,-200.0,-230.031,-320.0,-90.759,100.554,-191.313,-2,27.487,94.737,64.706,30.031,176.835,-84,303,361,664,90.759,99.446,-8.687,-19.001
MS-SN-IK-KJ,False,0.243,0.243,0.0,1,0,1,512.151,709.367,300.0,0.0,300.0,475.0,493.151,209.241,-99.446,308.687,3,-216.216,0.0,175.0,-175.0,176.835,-84,303,361,664,90.759,99.446,-8.687,-19.001
MS-SN-SI-KJ,False,0.243,0.243,0.0,1,0,1,512.151,538.941,300.0,0.0,300.0,280.0,493.151,209.241,-99.446,308.687,3,-45.791,75.0,55.0,20.0,176.835,-84,303,361,664,90.759,99.446,-8.687,-19.001
MS-SN-SI-AM7,False,0.243,0.243,0.0,1,0,1,512.151,524.876,300.0,0.0,300.0,257.143,493.151,209.241,-99.446,308.687,3,-31.725,100.0,57.143,42.857,176.835,-84,303,361,664,90.759,99.446,-8.687,-19.001
MS-SN-SI-IK,False,0.243,0.243,0.0,1,0,1,512.151,457.648,300.0,0.0,300.0,66.667,493.151,209.241,-99.446,308.687,3,35.503,300.0,66.667,233.333,176.835,-84,303,361,664,90.759,99.446,-8.687,-19.001
DP-AC-A'M-MH,False,0.237,0.0,0.237,0,1,1,-319.027,-316.082,0.0,200.0,-200.0,-174.202,-338.028,-90.759,100.554,-191.313,-2,-21.946,97.059,122.857,-25.798,176.835,-84,303,361,664,90.759,99.446,-8.687,-19.001
DP-AC-KJ-MH,False,0.235,0.235,0.0,1,0,1,529.639,497.286,300.0,0.0,300.0,308.875,510.638,209.241,-99.446,308.687,3,13.353,103.125,112.0,-8.875,176.835,-84,303,361,664,90.759,99.446,-8.687,-19.001
DP-SI-EF-KJ,False,0.228,0.0,0.228,0,1,1,19.001,-6.306,0.0,0.0,0.0,-25.0,0.0,-90.759,-99.446,8.687,0,6.306,125.0,100.0,25.0,176.835,-84,303,361,664,90.759,99.446,-8.687,-19.001
AC-EF-AM7-KJ,False,0.178,0.0,0.178,0,1,1,19.001,6.672,0.0,0.0,0.0,-25.962,0.0,-90.759,-99.446,8.687,0,-6.672,87.5,61.538,25.962,176.835,-84,303,361,664,90.759,99.446,-8.687,-19.001
MS-AC-EF-AM7,False,0.178,0.0,0.178,0,1,1,19.001,-7.676,0.0,0.0,0.0,-31.429,0.0,-90.759,-99.446,8.687,0,7.676,100.0,68.571,31.429,176.835,-84,303,361,664,90.759,99.446,-8.687,-19.001
MS-EF-AM7-KJ,False,0.178,0.0,0.178,0,1,1,19.001,-46.677,0.0,0.0,0.0,-54.589,0.0,-90.759,-99.446,8.687,0,46.677,111.111,56.522,54.589,176.835,-84,303,361,664,90.759,99.446,-8.687,-19.001
