Lineup,Minutes,Off Min,Def Min,Total Possessions,Off Poss,Def Poss,PM_p40,Net_RTG,Off PPP,Def PPP,ORTG,DRTG,Plus_Minus,rel_PM_p40,rel_Off_RTG,rel_Def_RTG,rel_Net_RTG,O_eFG%,O_TOV%,O_ORB%,O_FTR,D_eFG%,D_TOV%,D_ORB%,D_FTR,Stop Rate,Score Rate,Stops,Scores,2FGA,2FGM,3PA,3PM,FTA,FTM,TOV,ORB,FGA,FGM,2FGA Allowed,2FGM Allowed,3PA Allowed,3PM Allowed,FTA Allowed,FTM Allowed,TOV Forced,O-Boards Allowed,FGA Allowed,FGM Allowed,Points For,Points Against,Team Minutes,Team Plus_Minus,Team Off Poss,Team Def Poss,Team Total Possessions,Team ORTG,Team DRTG,Team Net_RTG,Team PM_p40
MS-DP-AC-IK-KJ,11.738,4.48,7.258,46,18,28,-20.446,18.254,1.111,0.929,111.111,92.857,-6,-1.445,20.352,-6.589,26.941,0.562,0.222,0.111,0.0,0.462,0.214,0.214,0.038,0.571,0.5,16,9,13,7,3,2,0,0,4,2,16,9,18,11,8,1,1,1,6,6,26,12,20,26,176.835,-84,303,361,664,90.759,99.446,-8.687,-19.001
SD-SN-SI-EF-MH,7.232,2.577,4.655,27,11,16,11.062,49.432,1.182,0.688,118.182,68.75,2,30.063,27.423,-30.696,58.119,0.5,0.091,0.091,0.0,0.333,0.125,0.125,0.0,0.688,0.455,11,5,5,2,5,3,0,0,1,1,10,5,10,4,5,1,0,0,2,2,15,5,13,11,176.835,-84,303,361,664,90.759,99.446,-8.687,-19.001
SD-SN-DP-AC-MH,6.808,3.547,3.262,23,14,9,52.876,40.476,1.071,0.667,107.143,66.667,9,71.877,16.384,-32.779,49.163,0.5,0.357,0.214,0.083,0.429,0.333,0.111,0.0,0.667,0.429,6,6,5,4,7,2,1,1,5,3,12,6,7,3,0,0,0,0,3,1,7,3,15,6,176.835,-84,303,361,664,90.759,99.446,-8.687,-19.001
MS-SI-AC-IK-AM7,6.59,4.025,2.565,24,13,11,-36.419,-64.336,0.538,1.182,53.846,118.182,-6,-17.418,-36.913,18.736,-55.649,0.273,0.231,0.077,0.0,0.667,0.091,0.0,0.222,0.455,0.231,5,3,3,2,8,1,0,0,3,1,11,3,6,6,3,0,2,1,1,0,9,6,7,13,176.835,-84,303,361,664,90.759,99.446,-8.687,-19.001
MS-SI-AC-EF-KJ,6.468,2.822,3.647,23,10,13,18.552,39.231,0.7,0.308,70.0,30.769,3,37.553,-20.759,-68.677,47.918,0.286,0.2,0.1,0.429,0.2,0.308,0.154,0.0,0.846,0.3,11,3,6,2,1,0,3,3,2,1,7,2,7,2,3,0,0,0,4,2,10,2,7,4,176.835,-84,303,361,664,90.759,99.446,-8.687,-19.001
DP-AC-IK-EF-MH,5.753,1.222,4.532,20,4,16,-48.667,12.5,0.75,0.625,75.0,62.5,-7,-29.667,-15.759,-36.946,21.187,0.5,0.5,0.0,0.0,0.417,0.438,0.25,0.0,0.688,0.25,11,1,1,0,1,1,0,0,2,0,2,1,8,5,4,0,0,0,7,4,12,5,3,10,176.835,-84,303,361,664,90.759,99.446,-8.687,-19.001
MS-SI-IK-EF-AM7,5.468,3.168,2.3,18,10,8,-73.148,-137.5,0.5,1.875,50.0,187.5,-10,-54.148,-40.759,88.054,-128.813,0.222,0.3,0.2,0.111,0.75,0.125,0.125,0.25,0.25,0.2,2,2,7,2,2,0,1,1,3,2,9,2,5,5,3,1,2,2,1,1,8,6,5,15,176.835,-84,303,361,664,90.759,99.446,-8.687,-19.001
SD-SN-DP-IK-MH,5.352,2.122,3.23,18,8,10,14.949,37.5,0.875,0.5,87.5,50.0,2,33.949,-3.259,-49.446,46.187,0.5,0.375,0.125,0.0,0.667,0.6,0.0,0.667,0.7,0.375,7,3,3,2,3,1,0,0,3,1,6,3,3,2,0,0,2,1,6,0,3,2,7,5,176.835,-84,303,361,664,90.759,99.446,-8.687,-19.001
SD-SN-AC-KJ-MH,4.675,1.582,3.093,16,5,11,-85.561,-25.455,1.2,1.455,120.0,145.455,-10,-66.561,29.241,46.009,-16.768,0.667,0.4,0.2,0.667,0.833,0.182,0.0,0.667,0.364,0.6,4,3,2,1,1,1,2,1,2,1,3,2,4,3,2,2,4,4,2,0,6,5,6,16,176.835,-84,303,361,664,90.759,99.446,-8.687,-19.001
MS-DP-AC-IK-A'M,4.273,1.825,2.448,16,8,8,-18.721,-25.0,1.125,1.375,112.5,137.5,-2,0.28,21.741,38.054,-16.313,0.444,0.0,0.125,0.0,0.667,0.125,0.125,0.0,0.5,0.5,4,4,6,3,3,1,0,0,0,1,9,4,1,1,5,3,0,0,1,1,6,4,9,11,176.835,-84,303,361,664,90.759,99.446,-8.687,-19.001
SN-SI-AC-IK-KJ,4.237,2.145,2.092,14,7,7,-9.441,-14.286,1.0,1.143,100.0,114.286,-1,9.559,9.241,14.84,-5.599,0.75,0.429,0.0,0.0,0.5,0.143,0.286,0.0,0.429,0.429,3,3,3,2,1,1,0,0,3,0,4,3,6,4,2,0,0,0,1,2,8,4,7,8,176.835,-84,303,361,664,90.759,99.446,-8.687,-19.001
MS-SI-IK-A'M-EF,4.125,2.315,1.81,19,11,8,67.879,46.591,1.091,0.625,109.091,62.5,7,86.88,18.332,-36.946,55.278,0.667,0.273,0.091,0.0,0.333,0.25,0.25,0.5,0.625,0.545,5,6,9,6,0,0,0,0,3,1,9,6,5,2,1,0,3,1,2,2,6,2,12,5,176.835,-84,303,361,664,90.759,99.446,-8.687,-19.001
MS-SD-DP-EF-MH,4.003,1.788,2.215,17,8,9,-9.992,-1.389,0.875,0.889,87.5,88.889,-1,9.009,-3.259,-10.557,7.298,0.5,0.25,0.0,0.0,0.333,0.222,0.333,0.0,0.667,0.375,6,3,2,2,4,1,0,0,2,0,6,3,4,1,5,2,0,0,2,3,9,3,7,8,176.835,-84,303,361,664,90.759,99.446,-8.687,-19.001
SD-SN-SI-EF-AM7,3.91,2.733,1.177,13,8,5,51.151,17.5,1.375,1.2,137.5,120.0,5,70.152,46.741,20.554,26.187,0.444,0.125,0.25,0.0,0.75,0.2,0.0,0.0,0.4,0.5,2,4,4,1,5,3,0,0,1,2,9,4,3,3,1,0,0,0,1,0,4,3,11,6,176.835,-84,303,361,664,90.759,99.446,-8.687,-19.001
SN-DP-SI-KJ-MH,3.647,1.908,1.738,17,8,9,21.938,33.333,1.0,0.667,100.0,66.667,2,40.939,9.241,-32.779,42.02,0.429,0.5,0.375,0.0,0.429,0.444,0.222,0.0,0.667,0.375,6,3,3,1,4,2,0,0,4,3,7,3,6,3,1,0,0,0,4,2,7,3,8,6,176.835,-84,303,361,664,90.759,99.446,-8.687,-19.001
SN-SI-AC-IK-AM7,3.48,2.2,1.28,13,7,6,-45.977,-73.81,0.429,1.167,42.857,116.667,-4,-26.976,-47.902,17.221,-65.123,0.167,0.143,0.143,0.0,1.0,0.5,0.0,0.333,0.5,0.143,3,1,5,0,1,1,0,0,1,1,6,1,2,2,1,1,1,0,3,0,3,3,3,7,176.835,-84,303,361,664,90.759,99.446,-8.687,-19.001
SD-SN-EF-KJ-MH,3.393,2.537,0.857,14,9,5,11.788,-24.444,0.556,0.8,55.556,80.0,1,30.789,-35.204,-19.446,-15.758,0.182,0.222,0.444,0.0,1.0,0.4,0.0,3.0,0.6,0.222,3,2,7,1,4,1,0,0,2,4,11,2,0,0,1,1,3,1,2,0,1,1,5,4,176.835,-84,303,361,664,90.759,99.446,-8.687,-19.001
SD-SN-DP-EF-MH,2.922,1.853,1.068,12,6,6,-82.145,-100.0,0.5,1.5,50.0,150.0,-6,-63.144,-40.759,50.554,-91.313,0.167,0.167,0.167,0.0,1.0,0.167,0.0,1.0,0.333,0.167,2,1,3,0,3,1,0,0,1,1,6,1,3,3,0,0,3,3,1,0,3,3,3,9,176.835,-84,303,361,664,90.759,99.446,-8.687,-19.001
MS-SD-DP-A'M-EF,2.907,1.53,1.377,13,7,6,-41.284,-64.286,0.857,1.5,85.714,150.0,-3,-22.284,-5.045,50.554,-55.599,0.75,0.429,0.0,0.0,0.8,0.167,0.0,0.0,0.333,0.429,2,3,4,3,0,0,0,0,3,0,4,3,3,3,2,1,0,0,1,0,5,4,6,9,176.835,-84,303,361,664,90.759,99.446,-8.687,-19.001
SD-SN-DP-EF-KJ,2.775,1.775,1.0,9,5,4,57.658,70.0,1.2,0.5,120.0,50.0,4,76.658,29.241,-49.446,78.687,0.333,0.0,0.2,0.0,1.0,0.5,0.0,1.0,0.75,0.4,3,2,1,0,5,2,0,0,0,1,6,2,1,1,0,0,1,0,2,0,1,1,6,2,176.835,-84,303,361,664,90.759,99.446,-8.687,-19.001
MS-SD-IK-KJ-MH,2.58,1.31,1.27,9,4,5,-77.519,-90.0,0.5,1.4,50.0,140.0,-5,-58.519,-40.759,40.554,-81.313,0.25,0.25,0.25,0.0,0.75,0.0,0.0,0.0,0.4,0.25,2,1,3,1,1,0,0,0,1,1,4,1,3,2,1,1,0,0,0,0,4,3,2,7,176.835,-84,303,361,664,90.759,99.446,-8.687,-19.001
MS-SD-SI-AM7-KJ,2.525,0.0,2.525,9,0,9,-126.733,-88.889,0.0,0.889,0.0,88.889,-8,-107.732,-90.759,-10.557,-80.202,0.0,0.0,0.0,0.0,0.444,0.333,0.333,0.0,0.556,0.0,5,0,0,0,0,0,0,0,0,0,0,0,8,4,1,0,0,0,3,3,9,4,0,8,176.835,-84,303,361,664,90.759,99.446,-8.687,-19.001
SD-SN-EF-AM7-MH,2.497,0.695,1.802,9,3,6,-176.235,-183.333,0.0,1.833,0.0,183.333,-11,-157.234,-90.759,83.887,-174.646,0.0,0.667,0.0,0.0,0.667,0.167,0.333,0.333,0.167,0.0,1,0,1,0,0,0,0,0,2,0,1,0,4,3,2,1,2,2,1,2,6,4,0,11,176.835,-84,303,361,664,90.759,99.446,-8.687,-19.001
SI-AC-IK-EF-MH,2.32,1.008,1.312,8,4,4,17.241,25.0,1.5,1.25,150.0,125.0,1,36.242,59.241,25.554,33.687,0.75,0.0,0.0,0.0,1.0,0.5,0.0,0.0,0.5,0.75,2,3,3,3,1,0,0,0,0,0,4,3,1,1,1,1,0,0,2,0,2,2,6,5,176.835,-84,303,361,664,90.759,99.446,-8.687,-19.001
MS-SD-DP-AC-KJ,2.22,0.815,1.405,7,3,4,18.018,75.0,2.0,1.25,200.0,125.0,1,37.019,109.241,25.554,83.687,1.0,0.333,0.0,0.0,0.667,0.0,0.0,0.667,0.25,0.667,1,2,0,0,2,2,0,0,1,0,2,2,3,2,0,0,2,1,0,0,3,2,6,5,176.835,-84,303,361,664,90.759,99.446,-8.687,-19.001
SD-SN-AC-IK-AM7,2.092,1.067,1.025,10,5,5,19.124,20.0,1.0,0.8,100.0,80.0,1,38.124,9.241,-19.446,28.687,0.5,0.2,0.0,0.0,1.0,0.6,0.0,0.0,0.6,0.4,3,2,3,1,1,1,0,0,1,0,4,2,2,2,0,0,0,0,3,0,2,2,5,4,176.835,-84,303,361,664,90.759,99.446,-8.687,-19.001
SD-SI-AC-KJ-MH,2.028,1.15,0.878,8,4,4,-78.882,-100.0,1.0,2.0,100.0,200.0,-4,-59.882,9.241,100.554,-91.313,0.667,0.25,0.0,0.0,1.0,0.25,0.0,0.333,0.25,0.5,1,2,3,2,0,0,0,0,1,0,3,2,2,2,1,1,1,1,1,0,3,3,4,8,176.835,-84,303,361,664,90.759,99.446,-8.687,-19.001
SD-SN-IK-EF-MH,1.992,1.405,0.587,9,6,3,100.418,50.0,1.167,0.667,116.667,66.667,5,119.419,25.908,-32.779,58.687,0.75,0.333,0.0,0.0,0.5,0.333,0.0,0.0,0.667,0.5,2,3,2,2,2,1,0,0,2,0,4,3,1,1,1,0,0,0,1,0,2,1,7,2,176.835,-84,303,361,664,90.759,99.446,-8.687,-19.001
SD-DP-SI-AM7-KJ,1.892,0.772,1.12,7,3,4,21.145,66.667,1.667,1.0,166.667,100.0,1,40.146,75.908,0.554,75.354,0.667,0.0,0.0,0.0,0.667,0.25,0.25,0.0,0.5,0.667,2,2,2,1,1,1,0,0,0,0,3,2,3,2,0,0,0,0,1,1,3,2,5,4,176.835,-84,303,361,664,90.759,99.446,-8.687,-19.001
DP-SI-IK-EF-AM7,1.815,1.135,0.68,7,4,3,-22.039,-50.0,0.5,1.0,50.0,100.0,-1,-3.038,-40.759,0.554,-41.313,0.2,0.0,0.25,0.0,1.0,0.333,0.0,2.0,0.333,0.25,1,1,3,1,2,0,0,0,0,1,5,1,1,1,0,0,2,1,1,0,1,1,2,3,176.835,-84,303,361,664,90.759,99.446,-8.687,-19.001
MS-DP-IK-EF-AM7,1.803,0.34,1.463,9,2,7,-110.906,-71.429,0.0,0.714,0.0,71.429,-5,-91.905,-90.759,-28.017,-62.742,0.0,0.5,0.0,0.0,0.667,0.571,0.0,0.0,0.714,0.0,5,0,1,0,0,0,0,0,1,0,1,0,1,1,2,1,0,0,4,0,3,2,0,5,176.835,-84,303,361,664,90.759,99.446,-8.687,-19.001
SN-AC-IK-AM7-KJ,1.793,0.715,1.078,8,4,4,44.61,50.0,1.0,0.5,100.0,50.0,2,63.61,9.241,-49.446,58.687,1.0,0.5,0.0,0.0,0.5,0.5,0.0,0.0,0.75,0.5,3,2,2,2,0,0,0,0,2,0,2,2,1,1,1,0,0,0,2,0,2,1,4,2,176.835,-84,303,361,664,90.759,99.446,-8.687,-19.001
SD-SN-SI-AM7-MH,1.782,0.555,1.227,7,2,5,-157.156,-140.0,0.0,1.4,0.0,140.0,-7,-138.155,-90.759,40.554,-131.313,0.0,0.5,0.0,0.0,0.75,0.0,0.0,0.0,0.4,0.0,2,0,1,0,0,0,0,0,1,0,1,0,2,2,2,1,0,0,0,0,4,3,0,7,176.835,-84,303,361,664,90.759,99.446,-8.687,-19.001
SD-SN-DP-IK-KJ,1.76,0.917,0.843,7,4,3,68.182,41.667,1.75,1.333,175.0,133.333,3,87.183,84.241,33.887,50.354,1.0,0.25,0.0,0.0,1.0,0.333,0.0,2.0,0.333,0.75,1,3,2,2,1,1,0,0,1,0,3,3,0,0,1,1,2,1,1,0,1,1,7,4,176.835,-84,303,361,664,90.759,99.446,-8.687,-19.001
DP-SI-AC-IK-AM7,1.747,1.593,0.153,4,3,1,-45.802,-200.0,0.0,2.0,0.0,200.0,-2,-26.801,-90.759,100.554,-191.313,0.0,0.667,1.0,0.0,1.0,0.0,0.0,0.0,0.0,0.0,0,0,3,0,1,0,0,0,2,3,4,0,1,1,0,0,0,0,0,0,1,1,0,2,176.835,-84,303,361,664,90.759,99.446,-8.687,-19.001
MS-SI-AC-IK-KJ,1.593,1.235,0.358,4,2,2,-50.209,-100.0,1.0,2.0,100.0,200.0,-2,-31.208,9.241,100.554,-91.313,0.333,0.0,0.5,0.0,1.0,0.0,0.0,0.0,0.0,0.5,0,1,2,1,1,0,0,0,0,1,3,1,2,2,0,0,0,0,0,0,2,2,2,4,176.835,-84,303,361,664,90.759,99.446,-8.687,-19.001
SN-SI-EF-KJ-MH,1.567,0.0,1.567,4,0,4,-127.66,-125.0,0.0,1.25,0.0,125.0,-5,-108.659,-90.759,25.554,-116.313,0.0,0.0,0.0,0.0,0.25,0.5,0.75,0.5,0.5,0.0,2,0,0,0,0,0,0,0,0,0,0,0,1,0,3,1,2,2,2,3,4,1,0,5,176.835,-84,303,361,664,90.759,99.446,-8.687,-19.001
MS-AC-IK-AM7-KJ,1.555,1.128,0.427,6,4,2,180.064,175.0,1.75,0.0,175.0,0.0,7,199.065,84.241,-99.446,183.687,0.75,0.0,0.0,0.0,0.0,0.5,0.0,0.0,1.0,0.75,2,3,2,2,2,1,0,0,0,0,4,3,1,0,0,0,0,0,1,0,1,0,7,0,176.835,-84,303,361,664,90.759,99.446,-8.687,-19.001
SN-DP-AC-IK-KJ,1.517,1.125,0.392,6,4,2,0.0,-100.0,1.0,2.0,100.0,200.0,0,19.001,9.241,100.554,-91.313,0.5,0.0,0.25,0.0,1.0,0.0,0.0,2.0,0.0,0.5,0,2,2,2,2,0,0,0,0,1,4,2,1,1,0,0,2,2,0,0,1,1,4,4,176.835,-84,303,361,664,90.759,99.446,-8.687,-19.001
SD-DP-IK-AM7-KJ,1.488,0.872,0.617,4,2,2,-80.627,-150.0,0.0,1.5,0.0,150.0,-3,-61.626,-90.759,50.554,-141.313,0.0,0.0,0.5,0.0,0.5,0.0,0.0,0.5,0.5,0.0,1,0,2,0,1,0,0,0,0,1,3,0,2,1,0,0,1,1,0,0,2,1,0,3,176.835,-84,303,361,664,90.759,99.446,-8.687,-19.001
SD-SN-DP-AC-KJ,1.47,0.952,0.518,5,3,2,0.0,-33.333,0.667,1.0,66.667,100.0,0,19.001,-24.092,0.554,-24.646,0.2,0.0,0.667,0.0,0.0,0.5,0.0,0.0,0.5,0.333,1,1,3,1,2,0,0,0,0,2,5,1,0,0,0,0,2,2,1,0,0,0,2,2,176.835,-84,303,361,664,90.759,99.446,-8.687,-19.001
MS-SI-IK-EF-KJ,1.453,1.297,0.157,6,5,1,0.0,-240.0,0.6,3.0,60.0,300.0,0,19.001,-30.759,200.554,-231.313,0.25,0.4,0.2,0.0,1.0,0.0,0.0,0.0,0.0,0.2,0,1,0,0,4,1,0,0,2,1,4,1,0,0,1,1,0,0,0,0,1,1,3,3,176.835,-84,303,361,664,90.759,99.446,-8.687,-19.001
MS-SD-SN-AM7-KJ,1.452,0.802,0.65,6,3,3,82.664,100.0,2.0,1.0,200.0,100.0,3,101.664,109.241,0.554,108.687,0.667,0.0,0.0,0.0,1.0,0.667,0.0,0.0,0.667,0.667,2,2,0,0,3,2,0,0,0,0,3,2,0,0,1,1,0,0,2,0,1,1,6,3,176.835,-84,303,361,664,90.759,99.446,-8.687,-19.001
SD-SN-DP-KJ-MH,1.443,0.812,0.632,5,3,2,27.714,0.0,1.0,1.0,100.0,100.0,1,46.714,9.241,0.554,8.687,0.5,0.0,0.0,1.0,1.0,0.0,0.0,0.0,0.5,0.667,1,2,1,1,1,0,2,1,0,0,2,1,1,1,0,0,0,0,0,0,1,1,3,2,176.835,-84,303,361,664,90.759,99.446,-8.687,-19.001
MS-AC-IK-EF-MH,1.418,0.68,0.738,4,2,2,0.0,0.0,0.0,0.0,0.0,0.0,0,19.001,-90.759,-99.446,8.687,0.0,0.0,0.0,0.0,0.0,0.0,0.0,0.0,1.0,0.0,2,0,2,0,0,0,0,0,0,0,2,0,1,0,0,0,0,0,0,0,1,0,0,0,176.835,-84,303,361,664,90.759,99.446,-8.687,-19.001
SN-DP-IK-KJ-MH,1.355,0.495,0.86,6,2,4,-29.52,25.0,1.0,0.75,100.0,75.0,-1,-10.52,9.241,-24.446,33.687,0.5,0.0,0.0,0.0,1.0,0.75,0.0,1.0,0.75,0.5,3,1,1,1,1,0,0,0,0,0,2,1,1,1,0,0,1,1,3,0,1,1,2,3,176.835,-84,303,361,664,90.759,99.446,-8.687,-19.001
MS-SN-DP-AM7-KJ,1.172,0.722,0.45,4,2,2,0.0,0.0,1.0,1.0,100.0,100.0,0,19.001,9.241,0.554,8.687,0.5,0.0,0.0,0.0,1.0,0.5,0.0,0.0,0.5,0.5,1,1,1,1,1,0,0,0,0,0,2,1,1,1,0,0,0,0,1,0,1,1,2,2,176.835,-84,303,361,664,90.759,99.446,-8.687,-19.001
SN-DP-AC-EF-KJ,1.133,0.508,0.625,3,1,2,0.0,100.0,2.0,1.0,200.0,100.0,0,19.001,109.241,0.554,108.687,0.5,0.0,1.0,0.0,0.5,0.5,0.5,0.0,0.5,1.0,1,1,1,1,1,0,0,0,0,1,2,1,1,1,1,0,0,0,1,1,2,1,2,2,176.835,-84,303,361,664,90.759,99.446,-8.687,-19.001
MS-SD-AC-AM7-MH,1.133,0.84,0.293,4,3,1,-35.294,-233.333,0.667,3.0,66.667,300.0,-1,-16.293,-24.092,200.554,-224.646,1.0,0.667,0.0,0.0,1.0,0.0,0.0,0.0,0.0,0.333,0,1,1,1,0,0,0,0,2,0,1,1,0,0,1,1,0,0,0,0,1,1,2,3,176.835,-84,303,361,664,90.759,99.446,-8.687,-19.001
MS-DP-SI-AC-MH,1.117,0.477,0.64,3,1,2,0.0,0.0,0.0,0.0,0.0,0.0,0,19.001,-90.759,-99.446,8.687,0.0,0.0,0.0,0.0,0.0,0.0,0.5,0.0,1.0,0.0,2,0,1,0,0,0,0,0,0,0,1,0,0,0,1,0,0,0,0,1,1,0,0,0,176.835,-84,303,361,664,90.759,99.446,-8.687,-19.001
SN-DP-IK-AM7-MH,1.072,0.258,0.813,6,2,4,149.3,200.0,2.0,0.0,200.0,0.0,4,168.301,109.241,-99.446,208.687,1.0,0.0,0.0,0.0,0.0,0.75,0.0,0.0,1.0,1.0,4,2,2,2,0,0,0,0,0,0,2,2,0,0,1,0,0,0,3,0,1,0,4,0,176.835,-84,303,361,664,90.759,99.446,-8.687,-19.001
SN-DP-AC-EF-MH,0.982,0.59,0.392,4,2,2,-81.494,-100.0,1.0,2.0,100.0,200.0,-2,-62.493,9.241,100.554,-91.313,0.5,0.5,0.5,0.0,1.0,0.0,0.0,0.0,0.0,0.5,0,1,1,1,1,0,0,0,1,1,2,1,2,2,0,0,0,0,0,0,2,2,2,4,176.835,-84,303,361,664,90.759,99.446,-8.687,-19.001
DP-SI-A'M-EF-JB,0.978,0.0,0.978,3,0,3,-286.201,-233.333,0.0,2.333,0.0,233.333,-7,-267.2,-90.759,133.887,-224.646,0.0,0.0,0.0,0.0,1.0,0.0,0.0,0.0,0.0,0.0,0,0,0,0,0,0,0,0,0,0,0,0,2,2,1,1,0,0,0,0,3,3,0,7,176.835,-84,303,361,664,90.759,99.446,-8.687,-19.001
SN-DP-SI-EF-MH,0.972,0.41,0.562,4,2,2,-123.499,-150.0,0.0,1.5,0.0,150.0,-3,-104.498,-90.759,50.554,-141.313,0.0,0.5,0.0,0.0,1.0,0.0,0.0,0.0,0.5,0.0,1,0,1,0,0,0,0,0,1,0,1,0,0,0,1,1,0,0,0,0,1,1,0,3,176.835,-84,303,361,664,90.759,99.446,-8.687,-19.001
SD-AC-IK-EF-AM7,0.965,0.0,0.965,3,0,3,-41.451,-33.333,0.0,0.333,0.0,33.333,-1,-22.45,-90.759,-66.113,-24.646,0.0,0.0,0.0,0.0,0.0,0.0,0.333,0.5,0.667,0.0,2,0,0,0,0,0,0,0,0,0,0,0,0,0,2,0,1,1,0,1,2,0,0,1,176.835,-84,303,361,664,90.759,99.446,-8.687,-19.001
SD-SN-AC-IK-MH,0.958,0.687,0.272,3,2,1,208.696,250.0,2.5,0.0,250.0,0.0,5,227.696,159.241,-99.446,258.687,1.0,0.0,0.0,0.0,0.0,1.0,0.0,0.0,1.0,1.0,1,2,1,1,1,1,0,0,0,0,2,2,0,0,0,0,0,0,1,0,0,0,5,0,176.835,-84,303,361,664,90.759,99.446,-8.687,-19.001
MS-SI-IK-AM7-KJ,0.952,0.44,0.512,5,2,3,-168.126,-133.333,0.0,1.333,0.0,133.333,-4,-149.125,-90.759,33.887,-124.646,0.0,1.0,0.0,0.0,1.0,0.333,0.0,0.0,0.333,0.0,1,0,0,0,0,0,0,0,2,0,0,0,2,2,0,0,0,0,1,0,2,2,0,4,176.835,-84,303,361,664,90.759,99.446,-8.687,-19.001
SD-DP-AC-EF-KJ,0.892,0.0,0.892,3,0,3,-89.72,-66.667,0.0,0.667,0.0,66.667,-2,-70.719,-90.759,-32.779,-57.98,0.0,0.0,0.0,0.0,0.0,0.0,0.333,0.0,0.333,0.0,1,0,0,0,0,0,0,0,0,0,0,0,0,0,0,0,4,2,0,1,0,0,0,2,176.835,-84,303,361,664,90.759,99.446,-8.687,-19.001
MS-SN-IK-EF-AM7,0.78,0.275,0.505,4,1,3,51.282,233.333,3.0,0.667,300.0,66.667,1,70.283,209.241,-32.779,242.02,1.0,0.0,0.0,0.0,0.5,0.333,0.0,0.0,0.667,1.0,2,1,0,0,1,1,0,0,0,0,1,1,2,1,0,0,0,0,1,0,2,1,3,2,176.835,-84,303,361,664,90.759,99.446,-8.687,-19.001
SD-SN-IK-AM7-MH,0.765,0.522,0.243,3,2,1,156.863,150.0,1.5,0.0,150.0,0.0,3,175.864,59.241,-99.446,158.687,0.0,0.0,0.0,0.0,0.0,0.0,0.0,0.0,1.0,1.0,1,2,0,0,0,0,3,3,0,0,0,0,1,0,0,0,0,0,0,0,1,0,3,0,176.835,-84,303,361,664,90.759,99.446,-8.687,-19.001
MS-SD-AC-IK-AM7,0.757,0.0,0.757,3,0,3,-158.59,-100.0,0.0,1.0,0.0,100.0,-3,-139.59,-90.759,0.554,-91.313,0.0,0.0,0.0,0.0,1.0,0.333,0.0,2.0,0.333,0.0,1,0,0,0,0,0,0,0,0,0,0,0,1,1,0,0,2,1,1,0,1,1,0,3,176.835,-84,303,361,664,90.759,99.446,-8.687,-19.001
SN-SI-EF-AM7-MH,0.717,0.245,0.472,3,1,2,-167.442,-150.0,0.0,1.5,0.0,150.0,-3,-148.441,-90.759,50.554,-141.313,0.0,0.0,0.0,0.0,0.5,0.0,0.0,0.0,0.5,0.0,1,0,0,0,1,0,0,0,0,0,1,0,0,0,2,1,0,0,0,0,2,1,0,3,176.835,-84,303,361,664,90.759,99.446,-8.687,-19.001
MS-SI-AC-A'M-KJ,0.697,0.442,0.255,2,1,1,-114.833,-200.0,0.0,2.0,0.0,200.0,-2,-95.832,-90.759,100.554,-191.313,0.0,0.0,0.0,0.0,1.0,0.0,0.0,0.0,0.0,0.0,0,0,0,0,1,0,0,0,0,0,1,0,1,1,0,0,0,0,0,0,1,1,0,2,176.835,-84,303,361,664,90.759,99.446,-8.687,-19.001
MS-SD-IK-EF-AM7,0.695,0.425,0.27,3,2,1,115.108,100.0,1.0,0.0,100.0,0.0,2,134.109,9.241,-99.446,108.687,0.5,0.0,0.0,0.0,0.0,1.0,0.0,0.0,1.0,0.5,1,1,2,1,0,0,0,0,0,0,2,1,0,0,0,0,0,0,1,0,0,0,2,0,176.835,-84,303,361,664,90.759,99.446,-8.687,-19.001
SD-DP-IK-KJ-MH,0.685,0.218,0.467,3,1,2,0.0,0.0,0.0,0.0,0.0,0.0,0,19.001,-90.759,-99.446,8.687,0.0,0.0,0.0,0.0,0.0,1.0,0.0,0.0,1.0,0.0,2,0,0,0,1,0,0,0,0,0,1,0,0,0,0,0,0,0,2,0,0,0,0,0,176.835,-84,303,361,664,90.759,99.446,-8.687,-19.001
SD-SN-DP-IK-AM7,0.652,0.542,0.11,3,2,1,0.0,0.0,0.0,0.0,0.0,0.0,0,19.001,-90.759,-99.446,8.687,0.0,0.5,0.0,0.0,0.0,1.0,0.0,0.0,1.0,0.0,1,0,1,0,0,0,0,0,1,0,1,0,0,0,0,0,0,0,1,0,0,0,0,0,176.835,-84,303,361,664,90.759,99.446,-8.687,-19.001
SD-SN-DP-AC-A'M,0.645,0.645,0.0,3,3,0,186.047,100.0,1.0,0.0,100.0,0.0,3,205.047,9.241,-99.446,108.687,1.0,0.667,0.0,0.0,0.0,0.0,0.0,0.0,0.0,0.333,0,1,0,0,1,1,0,0,2,0,1,1,0,0,0,0,0,0,0,0,0,0,3,0,176.835,-84,303,361,664,90.759,99.446,-8.687,-19.001
MS-SD-EF-AM7-MH,0.617,0.617,0.0,2,2,0,0.0,0.0,0.0,0.0,0.0,0.0,0,19.001,-90.759,-99.446,8.687,0.0,0.5,0.5,0.0,0.0,0.0,0.0,0.0,0.0,0.0,0,0,1,0,0,0,0,0,1,1,1,0,0,0,0,0,0,0,0,0,0,0,0,0,176.835,-84,303,361,664,90.759,99.446,-8.687,-19.001
MS-SD-DP-SI-KJ,0.563,0.0,0.563,2,0,2,-142.012,-100.0,0.0,1.0,0.0,100.0,-2,-123.011,-90.759,0.554,-91.313,0.0,0.0,0.0,0.0,0.5,0.0,0.0,0.0,0.5,0.0,1,0,0,0,0,0,0,0,0,0,0,0,2,1,0,0,0,0,0,0,2,1,0,2,176.835,-84,303,361,664,90.759,99.446,-8.687,-19.001
DP-DP-SI-AC-IK-AM7,0.507,0.507,0.0,1,1,0,0.0,0.0,0.0,0.0,0.0,0.0,0,19.001,-90.759,-99.446,8.687,0.0,0.0,1.0,0.0,0.0,0.0,0.0,0.0,0.0,0.0,0,0,2,0,0,0,0,0,0,1,2,0,0,0,0,0,0,0,0,0,0,0,0,0,176.835,-84,303,361,664,90.759,99.446,-8.687,-19.001
SD-SN-IK-AM7-KJ,0.498,0.302,0.197,3,2,1,0.0,0.0,0.0,0.0,0.0,0.0,0,19.001,-90.759,-99.446,8.687,0.0,0.0,0.0,0.0,0.0,1.0,0.0,0.0,1.0,0.0,1,0,2,0,0,0,0,0,0,0,2,0,0,0,0,0,0,0,1,0,0,0,0,0,176.835,-84,303,361,664,90.759,99.446,-8.687,-19.001
SD-SN-AC-EF-AM7,0.492,0.0,0.492,2,0,2,-244.068,-150.0,0.0,1.5,0.0,150.0,-3,-225.067,-90.759,50.554,-141.313,0.0,0.0,0.0,0.0,0.5,0.0,0.0,0.0,0.5,0.0,1,0,0,0,0,0,0,0,0,0,0,0,1,0,1,1,0,0,0,0,2,1,0,3,176.835,-84,303,361,664,90.759,99.446,-8.687,-19.001
MS-SI-AC-AM7-MH,0.483,0.483,0.0,1,1,0,0.0,0.0,0.0,0.0,0.0,0.0,0,19.001,-90.759,-99.446,8.687,0.0,0.0,0.0,0.0,0.0,0.0,0.0,0.0,0.0,0.0,0,0,1,0,0,0,0,0,0,0,1,0,0,0,0,0,0,0,0,0,0,0,0,0,176.835,-84,303,361,664,90.759,99.446,-8.687,-19.001
MS-DP-SI-A'M-EF,0.467,0.175,0.292,2,1,1,-85.714,-100.0,2.0,3.0,200.0,300.0,-1,-66.714,109.241,200.554,-91.313,1.0,0.0,0.0,0.0,1.0,0.0,0.0,1.0,0.0,1.0,0,1,1,1,0,0,0,0,0,0,1,1,1,1,0,0,1,1,0,0,1,1,2,3,176.835,-84,303,361,664,90.759,99.446,-8.687,-19.001
MS-SD-SI-AC-MH,0.455,0.268,0.187,2,1,1,0.0,0.0,0.0,0.0,0.0,0.0,0,19.001,-90.759,-99.446,8.687,0.0,0.0,0.0,0.0,0.0,1.0,0.0,0.0,1.0,0.0,1,0,1,0,0,0,0,0,0,0,1,0,0,0,0,0,0,0,1,0,0,0,0,0,176.835,-84,303,361,664,90.759,99.446,-8.687,-19.001
MS-AC-A'M-EF-KJ,0.43,0.262,0.168,2,1,1,-186.047,-200.0,0.0,2.0,0.0,200.0,-2,-167.046,-90.759,100.554,-191.313,0.0,0.0,0.0,0.0,1.0,0.0,0.0,0.0,0.0,0.0,0,0,1,0,0,0,0,0,0,0,1,0,1,1,0,0,0,0,0,0,1,1,0,2,176.835,-84,303,361,664,90.759,99.446,-8.687,-19.001
MS-DP-AC-A'M-KJ,0.425,0.193,0.232,2,1,1,-94.118,-100.0,2.0,3.0,200.0,300.0,-1,-75.117,109.241,200.554,-91.313,1.0,0.0,0.0,0.0,1.0,0.0,0.0,0.0,0.0,1.0,0,1,1,1,0,0,0,0,0,0,1,1,0,0,1,1,0,0,0,0,1,1,2,3,176.835,-84,303,361,664,90.759,99.446,-8.687,-19.001
SD-SN-SI-KJ-MH,0.375,0.0,0.375,2,0,2,-213.333,-100.0,0.0,1.0,0.0,100.0,-2,-194.333,-90.759,0.554,-91.313,0.0,0.0,0.0,0.0,0.5,0.5,0.5,0.0,0.5,0.0,1,0,0,0,0,0,0,0,0,0,0,0,1,1,1,0,0,0,1,1,2,1,0,2,176.835,-84,303,361,664,90.759,99.446,-8.687,-19.001
MS-SI-A'M-EF-KJ,0.375,0.0,0.375,1,0,1,-213.333,-200.0,0.0,2.0,0.0,200.0,-2,-194.333,-90.759,100.554,-191.313,0.0,0.0,0.0,0.0,0.5,0.0,1.0,0.0,0.0,0.0,0,0,0,0,0,0,0,0,0,0,0,0,2,1,0,0,0,0,0,1,2,1,0,2,176.835,-84,303,361,664,90.759,99.446,-8.687,-19.001
SD-SN-IK-KJ-MH,0.37,0.257,0.113,2,1,1,0.0,0.0,0.0,0.0,0.0,0.0,0,19.001,-90.759,-99.446,8.687,0.0,0.0,0.0,0.0,0.0,1.0,0.0,0.0,1.0,0.0,1,0,1,0,0,0,0,0,0,0,1,0,0,0,0,0,0,0,1,0,0,0,0,0,176.835,-84,303,361,664,90.759,99.446,-8.687,-19.001
SD-DP-SI-KJ-MH,0.36,0.0,0.36,1,0,1,-222.222,-200.0,0.0,2.0,0.0,200.0,-2,-203.221,-90.759,100.554,-191.313,0.0,0.0,0.0,0.0,1.0,0.0,0.0,1.0,0.0,0.0,0,0,0,0,0,0,0,0,0,0,0,0,1,1,0,0,1,0,0,0,1,1,0,2,176.835,-84,303,361,664,90.759,99.446,-8.687,-19.001
MS-AC-A'M-JB-AM7,0.357,0.0,0.357,2,0,2,-448.598,-200.0,0.0,2.0,0.0,200.0,-4,-429.597,-90.759,100.554,-191.313,0.0,0.0,0.0,0.0,1.0,0.0,0.0,0.0,0.0,0.0,0,0,0,0,0,0,0,0,0,0,0,0,2,2,0,0,0,0,0,0,2,2,0,4,176.835,-84,303,361,664,90.759,99.446,-8.687,-19.001
MS-SD-DP-JB-MH,0.357,0.0,0.357,2,0,2,-336.449,-150.0,0.0,1.5,0.0,150.0,-3,-317.448,-90.759,50.554,-141.313,0.0,0.0,0.0,0.0,1.0,0.5,0.0,0.0,0.5,0.0,1,0,0,0,0,0,0,0,0,0,0,0,0,0,1,1,0,0,1,0,1,1,0,3,176.835,-84,303,361,664,90.759,99.446,-8.687,-19.001
SN-SI-AC-AM7-KJ,0.348,0.0,0.348,1,0,1,-229.665,-200.0,0.0,2.0,0.0,200.0,-2,-210.664,-90.759,100.554,-191.313,0.0,0.0,0.0,0.0,1.0,0.0,0.0,0.0,0.0,0.0,0,0,0,0,0,0,0,0,0,0,0,0,1,1,0,0,0,0,0,0,1,1,0,2,176.835,-84,303,361,664,90.759,99.446,-8.687,-19.001
SN-IK-EF-AM7-MH,0.332,0.167,0.165,2,1,1,-241.206,-200.0,0.0,2.0,0.0,200.0,-2,-222.205,-90.759,100.554,-191.313,0.0,0.0,0.0,0.0,1.0,0.0,0.0,0.0,0.0,0.0,0,0,0,0,1,0,0,0,0,0,1,0,1,1,0,0,0,0,0,0,1,1,0,2,176.835,-84,303,361,664,90.759,99.446,-8.687,-19.001
SD-SI-EF-AM7-MH,0.317,0.0,0.317,1,0,1,0.0,0.0,0.0,0.0,0.0,0.0,0,19.001,-90.759,-99.446,8.687,0.0,0.0,0.0,0.0,0.0,0.0,0.0,0.0,1.0,0.0,1,0,0,0,0,0,0,0,0,0,0,0,0,0,1,0,0,0,0,0,1,0,0,0,176.835,-84,303,361,664,90.759,99.446,-8.687,-19.001
SN-DP-SI-EF-AM7,0.31,0.167,0.143,2,1,1,0.0,0.0,0.0,0.0,0.0,0.0,0,19.001,-90.759,-99.446,8.687,0.0,0.0,0.0,0.0,0.0,1.0,0.0,0.0,1.0,0.0,1,0,0,0,1,0,0,0,0,0,1,0,0,0,0,0,0,0,1,0,0,0,0,0,176.835,-84,303,361,664,90.759,99.446,-8.687,-19.001
SD-SN-DP-A'M-MH,0.287,0.0,0.287,1,0,1,0.0,0.0,0.0,0.0,0.0,0.0,0,19.001,-90.759,-99.446,8.687,0.0,0.0,0.0,0.0,0.0,0.0,0.0,0.0,1.0,0.0,1,0,0,0,0,0,0,0,0,0,0,0,0,0,1,0,0,0,0,0,1,0,0,0,176.835,-84,303,361,664,90.759,99.446,-8.687,-19.001
SN-AC-A'M-JB-MH,0.282,0.0,0.282,1,0,1,0.0,0.0,0.0,0.0,0.0,0.0,0,19.001,-90.759,-99.446,8.687,0.0,0.0,0.0,0.0,0.0,1.0,0.0,0.0,1.0,0.0,1,0,0,0,0,0,0,0,0,0,0,0,0,0,0,0,0,0,1,0,0,0,0,0,176.835,-84,303,361,664,90.759,99.446,-8.687,-19.001
MS-SD-AC-KJ-MH,0.282,0.0,0.282,1,0,1,0.0,0.0,0.0,0.0,0.0,0.0,0,19.001,-90.759,-99.446,8.687,0.0,0.0,0.0,0.0,0.0,0.0,1.0,1.0,1.0,0.0,1,0,0,0,0,0,0,0,0,0,0,0,1,0,0,0,1,0,0,1,1,0,0,0,176.835,-84,303,361,664,90.759,99.446,-8.687,-19.001
SI-AC-A'M-EF-KJ,0.277,0.0,0.277,1,0,1,0.0,0.0,0.0,0.0,0.0,0.0,0,19.001,-90.759,-99.446,8.687,0.0,0.0,0.0,0.0,0.0,1.0,0.0,0.0,1.0,0.0,1,0,0,0,0,0,0,0,0,0,0,0,0,0,0,0,0,0,1,0,0,0,0,0,176.835,-84,303,361,664,90.759,99.446,-8.687,-19.001
SD-DP-IK-AM7-MH,0.27,0.0,0.27,1,0,1,0.0,0.0,0.0,0.0,0.0,0.0,0,19.001,-90.759,-99.446,8.687,0.0,0.0,0.0,0.0,0.0,1.0,0.0,0.0,1.0,0.0,1,0,0,0,0,0,0,0,0,0,0,0,0,0,0,0,0,0,1,0,0,0,0,0,176.835,-84,303,361,664,90.759,99.446,-8.687,-19.001
SI-IK-EF-AM7-KJ,0.25,0.0,0.25,1,0,1,-320.0,-200.0,0.0,2.0,0.0,200.0,-2,-300.999,-90.759,100.554,-191.313,0.0,0.0,0.0,0.0,1.0,0.0,0.0,0.0,0.0,0.0,0,0,0,0,0,0,0,0,0,0,0,0,1,1,0,0,0,0,0,0,1,1,0,2,176.835,-84,303,361,664,90.759,99.446,-8.687,-19.001
MS-SN-SI-IK-AM7-KJ,0.243,0.243,0.0,1,1,0,493.151,300.0,3.0,0.0,300.0,0.0,3,512.151,209.241,-99.446,308.687,0.5,0.0,1.0,0.0,0.0,0.0,0.0,0.0,0.0,1.0,0,1,1,0,1,1,0,0,0,1,2,1,0,0,0,0,0,0,0,0,0,0,3,0,176.835,-84,303,361,664,90.759,99.446,-8.687,-19.001
SN-DP-AC-A'M-MH,0.237,0.0,0.237,1,0,1,-338.028,-200.0,0.0,2.0,0.0,200.0,-2,-319.027,-90.759,100.554,-191.313,0.0,0.0,0.0,0.0,0.0,0.0,1.0,2.0,0.0,0.0,0,0,0,0,0,0,0,0,0,0,0,0,1,0,0,0,2,2,0,1,1,0,0,2,176.835,-84,303,361,664,90.759,99.446,-8.687,-19.001
SD-DP-AC-KJ-MH,0.235,0.235,0.0,1,1,0,510.638,300.0,3.0,0.0,300.0,0.0,3,529.639,209.241,-99.446,308.687,1.0,0.0,0.0,1.0,0.0,0.0,0.0,0.0,0.0,1.0,0,1,1,1,0,0,1,1,0,0,1,1,0,0,0,0,0,0,0,0,0,0,3,0,176.835,-84,303,361,664,90.759,99.446,-8.687,-19.001
SN-DP-SI-EF-KJ,0.228,0.0,0.228,1,0,1,0.0,0.0,0.0,0.0,0.0,0.0,0,19.001,-90.759,-99.446,8.687,0.0,0.0,0.0,0.0,0.0,0.0,0.0,0.0,1.0,0.0,1,0,0,0,0,0,0,0,0,0,0,0,1,0,0,0,0,0,0,0,1,0,0,0,176.835,-84,303,361,664,90.759,99.446,-8.687,-19.001
MS-AC-EF-AM7-KJ,0.178,0.0,0.178,1,0,1,0.0,0.0,0.0,0.0,0.0,0.0,0,19.001,-90.759,-99.446,8.687,0.0,0.0,0.0,0.0,0.0,0.0,0.0,0.0,1.0,0.0,1,0,0,0,0,0,0,0,0,0,0,0,1,0,0,0,0,0,0,0,1,0,0,0,176.835,-84,303,361,664,90.759,99.446,-8.687,-19.001
