#,Title,Notes,Text Overlay,User Tags,Synergy Tags,Result,Duration,In Point,Out Point,Media In Point,Media Out Point,Team,Game,Date,Pd.,Clock,Player,Play Type,Play Call,Synergy String
1,3,P5,,"Defense, Allow Middle, Allow Paint Touch, Allow UC 3",,,0:20.0,N/A,N/A,0:06.53,0:26.53,Live,,,,,"#6 Shawnee Nordstrom, #0 Sarah Deng, #55 Maya Hernandez, #04 Allison Clarke, #24 Kayla Jones",,,
2,0,P5,,Defense,,,0:10.3,N/A,N/A,0:46.55,0:56.83,Live,,,,,"#0 Sarah Deng, #24 Kayla Jones, #6 Shawnee Nordstrom, #04 Allison Clarke, #55 Maya Hernandez",,,
3,),P5,,Defense,,,0:14.2,N/A,N/A,1:03.75,1:17.92,Live,,,,,"#11 Erica Finney, #08 Shanayka Ismar, #30 Janay Brantley, #03 Danae Powell, #22 Ali'a Matavao",,,
4,9,P5,,"Defense, Deflection",,,0:06.4,N/A,N/A,2:11.24,2:17.63,Live,,,,,"#03 Danae Powell, #13 Ivana Krajina, #07 Ana Milanovic, #11 Erica Finney, #02 Mari Somvichian",,,
5,9,P5,,"Defense, Deflection",,,0:10.6,N/A,N/A,2:26.19,2:36.77,Live,,,,,"#11 Erica Finney, #13 Ivana Krajina, #03 Danae Powell, #07 Ana Milanovic, #02 Mari Somvichian",,,
6,9,P5,,"Defense, Allow Middle, Allow Paint Touch, Deflection",,,0:12.9,N/A,N/A,2:44.79,2:57.66,Live,,,,,"#55 Maya Hernandez, #24 Kayla Jones, #6 Shawnee Nordstrom, #0 Sarah Deng, #04 Allison Clarke",,,
7,),P5,,Defense,,,0:09.1,N/A,N/A,3:16.36,3:25.49,Live,,,,,"#30 Janay Brantley, #11 Erica Finney, #03 Danae Powell, #08 Shanayka Ismar, #22 Ali'a Matavao",,,
8,2,P5,,"Defense, Allow Middle, Allow Paint Touch",,,0:19.2,N/A,N/A,0:06.68,0:25.93,Live,,,,,"#03 Danae Powell, #11 Erica Finney, #22 Ali'a Matavao, #30 Janay Brantley, #08 Shanayka Ismar",,,
9,2,P5,,"Defense, Allow Paint Touch",,,0:10.6,N/A,N/A,0:45.82,0:56.40,Live,,,,,"#55 Maya Hernandez, #6 Shawnee Nordstrom, #04 Allison Clarke, #24 Kayla Jones, #0 Sarah Deng",,,
10,),P5,,Defense,,,0:14.6,N/A,N/A,1:10.72,1:25.30,Live,,,,,"#22 Ali'a Matavao, #08 Shanayka Ismar, #30 Janay Brantley, #03 Danae Powell, #11 Erica Finney",,,
11,#,P5,,"Defense, Allow Paint Touch, Allow UC 3",,,0:17.6,N/A,N/A,2:02.16,2:19.80,Live,,,,,"#13 Ivana Krajina, #03 Danae Powell, #02 Mari Somvichian, #07 Ana Milanovic, #11 Erica Finney",,,
12,3,P5,,"Defense, Allow Middle",,,0:20.5,N/A,N/A,2:35.79,2:56.32,Live,,,,,"#6 Shawnee Nordstrom, #55 Maya Hernandez, #0 Sarah Deng, #04 Allison Clarke, #24 Kayla Jones",,,
13,3,P5,,"Defense, Allow UC 3",,,0:22.5,N/A,N/A,3:52.25,4:14.70,Live,,,,,"#03 Danae Powell, #30 Janay Brantley, #08 Shanayka Ismar, #22 Ali'a Matavao, #11 Erica Finney",,,
14,9,P5,,Defense,,,0:14.0,N/A,N/A,4:53.79,5:07.82,Live,,,,,"#13 Ivana Krajina, #11 Erica Finney, #07 Ana Milanovic, #03 Danae Powell, #02 Mari Somvichian",,,
15,9,P5,,Defense,,,0:15.5,N/A,N/A,5:34.65,5:50.12,Live,,,,,"#0 Sarah Deng, #55 Maya Hernandez, #04 Allison Clarke, #6 Shawnee Nordstrom, #24 Kayla Jones",,,
16,2,P5,,"Defense, Allow Paint Touch",,,0:17.0,N/A,N/A,6:13.53,6:30.52,Live,,,,,"#11 Erica Finney, #08 Shanayka Ismar, #30 Janay Brantley, #03 Danae Powell, #22 Ali'a Matavao",,,
17,3,P5,,"Defense, Allow UC 3",,,0:20.6,N/A,N/A,7:02.75,7:23.37,Live,,,,,"#02 Mari Somvichian, #13 Ivana Krajina, #07 Ana Milanovic, #11 Erica Finney, #03 Danae Powell",,,
18,@,P5,,Offense,,,0:08.4,N/A,N/A,0:27.96,0:36.36,Live,,,,,"#02 Mari Somvichian, #13 Ivana Krajina, #11 Erica Finney, #07 Ana Milanovic, Half-court, #03 Danae Powell",,,
19,9,P5,,Offense,,,0:12.0,N/A,N/A,1:25.00,1:37.00,Live,,,,,"#03 Danae Powell, Half-court, #07 Ana Milanovic, #11 Erica Finney, #13 Ivana Krajina, #02 Mari Somvichian",,,
20,2,P5,,Defense,,,0:06.0,N/A,N/A,1:37.00,1:42.95,Live,,,,,"#07 Ana Milanovic, #03 Danae Powell, #13 Ivana Krajina, #11 Erica Finney, #02 Mari Somvichian",,,
21,),P5,,Offense,,,0:19.0,N/A,N/A,1:42.95,2:01.96,Live,,,,,"Transition, #03 Danae Powell, #11 Erica Finney, #13 Ivana Krajina, #02 Mari Somvichian, #07 Ana Milanovic",,,
22,9,P5,,Offense,,,0:11.7,N/A,N/A,2:42.55,2:54.22,Live,,,,,"#55 Maya Hernandez, #24 Kayla Jones, Half-court, #04 Allison Clarke, #0 Sarah Deng, #6 Shawnee Nordstrom",,,
23,9,P5,,Offense,,,0:08.2,N/A,N/A,0:12.06,0:20.29,Live,,,,,"#55 Maya Hernandez, #0 Sarah Deng, #04 Allison Clarke, #24 Kayla Jones, #6 Shawnee Nordstrom",,,
24,2,P5,,Defense,,,0:05.3,N/A,N/A,0:20.29,0:25.56,Live,,,,,"#04 Allison Clarke, #55 Maya Hernandez, #0 Sarah Deng, #24 Kayla Jones, #6 Shawnee Nordstrom",,,
25,),P5,,Offense,,,0:12.1,N/A,N/A,0:25.56,0:37.70,Live,,,,,"#0 Sarah Deng, #04 Allison Clarke, Transition, #55 Maya Hernandez, #24 Kayla Jones, #6 Shawnee Nordstrom",,,
26,),P5,,Offense,,,0:08.6,N/A,N/A,0:49.85,0:58.49,Live,,,,,"#6 Shawnee Nordstrom, #55 Maya Hernandez, #0 Sarah Deng, #24 Kayla Jones, Half-court, #04 Allison Clarke",,,
27,@-8-2,P5,,Offense,,,0:17.3,N/A,N/A,0:00.04,0:17.36,Live,,,,,"#24 Kayla Jones, #0 Sarah Deng, #04 Allison Clarke, #6 Shawnee Nordstrom, #55 Maya Hernandez, Half-court",,,
28,@,P5,,"Defense, Allow Paint Touch, Deflection",,,0:14.6,N/A,N/A,0:17.36,0:31.92,Live,,,,,"#6 Shawnee Nordstrom, #04 Allison Clarke, #0 Sarah Deng, #55 Maya Hernandez, #24 Kayla Jones",,,
29,0-2-1,P5,,"Defense, Allow Paint Touch",,,0:11.7,N/A,N/A,0:52.02,1:03.73,Live,,,,,"#6 Shawnee Nordstrom, #0 Sarah Deng, #55 Maya Hernandez, #04 Allison Clarke, #24 Kayla Jones",,,
30,9,P5,,"Defense, Allow Middle, Deflection",,,0:06.8,N/A,N/A,2:16.85,2:23.69,Live,,,,,"#24 Kayla Jones, #55 Maya Hernandez, #6 Shawnee Nordstrom, #0 Sarah Deng, #13 Ivana Krajina",,,
31,@,P5,,Offense,,,0:15.4,N/A,N/A,2:23.69,2:39.09,Live,,,,,"#55 Maya Hernandez, #24 Kayla Jones, Transition, #13 Ivana Krajina, #6 Shawnee Nordstrom, #0 Sarah Deng",,,
32,),P5,,Offense,,,0:14.6,N/A,N/A,1:38.59,1:53.20,Live,,,,,"#13 Ivana Krajina, #03 Danae Powell, #6 Shawnee Nordstrom, Half-court, #24 Kayla Jones, #55 Maya Hernandez",,,
33,#,P5,,Offense,,,0:24.2,N/A,N/A,2:18.49,2:42.72,Live,,,,,"#03 Danae Powell, #13 Ivana Krajina, Half-court, #24 Kayla Jones, #6 Shawnee Nordstrom, #55 Maya Hernandez",,,
34,9,P5,,Defense,,,0:12.6,N/A,N/A,2:45.83,2:58.38,Live,,,,,"#03 Danae Powell, #24 Kayla Jones, #55 Maya Hernandez, #13 Ivana Krajina, #6 Shawnee Nordstrom",,,
35,2,P5,,Offense,,,0:05.5,N/A,N/A,2:58.38,3:03.86,Live,,,,,"#6 Shawnee Nordstrom, Transition, #24 Kayla Jones, #03 Danae Powell, #55 Maya Hernandez, #13 Ivana Krajina",,,
36,@-8-3,P5,,Offense,,,0:14.6,N/A,N/A,0:03.81,0:18.46,Live,,,,,"#24 Kayla Jones, #08 Shanayka Ismar, #6 Shawnee Nordstrom, Half-court, #07 Ana Milanovic, #13 Ivana Krajina, #02 Mari Somvichian",,,
37,9,P5,,Defense,,,0:04.7,N/A,N/A,0:18.46,0:23.19,Live,,,,,"#02 Mari Somvichian, #24 Kayla Jones, #08 Shanayka Ismar, #13 Ivana Krajina, #07 Ana Milanovic",,,
38,9,P5,,Offense,,,0:18.6,N/A,N/A,0:23.19,0:41.80,Live,,,,,"#02 Mari Somvichian, Transition, #07 Ana Milanovic, #13 Ivana Krajina, #24 Kayla Jones, #08 Shanayka Ismar",,,
39,2,P5,,"Defense, Allow Paint Touch",,,0:15.2,N/A,N/A,0:44.81,1:00.05,Live,,,,,"#02 Mari Somvichian, #08 Shanayka Ismar, #13 Ivana Krajina, #24 Kayla Jones, #07 Ana Milanovic",,,
40,9,P5,,Offense,,,0:07.8,0:01.4,N/A,0:00.06,0:09.29,Live,,,,,"#07 Ana Milanovic, #02 Mari Somvichian, #24 Kayla Jones, Transition, #13 Ivana Krajina, #08 Shanayka Ismar",,,
41,2,P5,,Defense,,,0:10.8,N/A,N/A,0:09.29,0:20.12,Live,,,,,"#07 Ana Milanovic, #24 Kayla Jones, #13 Ivana Krajina, #08 Shanayka Ismar, #02 Mari Somvichian",,,
42,2,P5,,Offense,,,0:17.3,N/A,N/A,0:30.05,0:47.32,Live,,,,,"#07 Ana Milanovic, #04 Allison Clarke, #13 Ivana Krajina, #24 Kayla Jones, #02 Mari Somvichian, Transition",,,
43,9,P5,,Defense,,,0:14.2,N/A,N/A,0:47.32,1:01.56,Live,,,,,"#13 Ivana Krajina, #07 Ana Milanovic, #24 Kayla Jones, #02 Mari Somvichian, #04 Allison Clarke",,,
44,2,P5,,Offense,,,0:20.7,N/A,N/A,1:05.26,1:26.00,Live,,,,,"#04 Allison Clarke, #13 Ivana Krajina, #24 Kayla Jones, Transition, #07 Ana Milanovic, #02 Mari Somvichian",,,
45,#-8-),P5,,"Defense, Allow Middle, Allow O-Board",,,0:19.0,N/A,N/A,0:00.32,0:19.36,Live,,,,,"#02 Mari Somvichian, #55 Maya Hernandez, #04 Allison Clarke, #07 Ana Milanovic, #0 Sarah Deng",,,
46,9,P5,,Offense,,,0:18.7,N/A,N/A,0:22.73,0:41.40,Live,,,,,"#07 Ana Milanovic, #04 Allison Clarke, #02 Mari Somvichian, Transition, #55 Maya Hernandez, #0 Sarah Deng",,,
47,2,P5,,Offense,,,0:11.3,N/A,N/A,1:35.79,1:47.13,Live,,,,,"#55 Maya Hernandez, #02 Mari Somvichian, Half-court, #04 Allison Clarke, #07 Ana Milanovic, #0 Sarah Deng",,,
48,3,P5,,"Defense, Allow UC 3",,,0:17.6,N/A,N/A,1:47.13,2:04.70,Live,,,,,"#04 Allison Clarke, #55 Maya Hernandez, #02 Mari Somvichian, #0 Sarah Deng, #07 Ana Milanovic",,,
49,9,P5,,Offense,,,0:20.4,N/A,N/A,2:04.70,2:25.14,Live,,,,,"#0 Sarah Deng, #07 Ana Milanovic, Transition, #02 Mari Somvichian, #04 Allison Clarke, #55 Maya Hernandez",,,
50,3,P5,,Offense,,,0:11.9,N/A,N/A,0:00.13,0:12.03,Live,,,,,"#6 Shawnee Nordstrom, #13 Ivana Krajina, #0 Sarah Deng, #11 Erica Finney, Half-court, #55 Maya Hernandez",,,
51,#,P5,,"Defense, Allow UC 3",,,0:21.8,N/A,N/A,1:08.39,1:30.22,Live,,,,,"#6 Shawnee Nordstrom, #13 Ivana Krajina, #0 Sarah Deng, #55 Maya Hernandez, #11 Erica Finney",,,
52,#,P5,,Offense,,,0:18.6,N/A,N/A,1:30.22,1:48.82,Live,,,,,"#11 Erica Finney, #6 Shawnee Nordstrom, #55 Maya Hernandez, Transition, #13 Ivana Krajina, #0 Sarah Deng",,,
53,),P5,,Offense,,,0:10.9,N/A,N/A,0:07.83,0:18.76,Live,,,,,"#6 Shawnee Nordstrom, #55 Maya Hernandez, #13 Ivana Krajina, #0 Sarah Deng, #11 Erica Finney, Half-court",,,
54,2,P5,,Offense,,,0:14.4,N/A,N/A,0:51.66,1:06.06,Live,,,,,"#0 Sarah Deng, #13 Ivana Krajina, #11 Erica Finney, #6 Shawnee Nordstrom, #55 Maya Hernandez, Half-court",,,
55,9,P5,,Offense,,,0:08.1,N/A,N/A,1:27.64,1:35.75,Live,,,,,"#6 Shawnee Nordstrom, #0 Sarah Deng, #11 Erica Finney, Half-court, #55 Maya Hernandez, #13 Ivana Krajina",,,
56,9,P5,,Defense,,,0:01.7,N/A,N/A,1:35.75,1:37.50,Live,,,,,"#11 Erica Finney, #13 Ivana Krajina, #0 Sarah Deng, #6 Shawnee Nordstrom, #55 Maya Hernandez",,,
57,2,P5,,Offense,,,0:18.9,N/A,N/A,1:37.50,1:56.35,Live,,,,,"#11 Erica Finney, #55 Maya Hernandez, Half-court, #6 Shawnee Nordstrom, #13 Ivana Krajina, #0 Sarah Deng",,,
58,),P5,,Defense,,,0:13.0,N/A,N/A,1:56.35,2:09.40,Live,,,,,"#6 Shawnee Nordstrom, #0 Sarah Deng, #11 Erica Finney, #55 Maya Hernandez, #13 Ivana Krajina",,,
59,2,P5,,"Defense, Allow Paint Touch",,,0:11.7,N/A,N/A,0:00.10,0:11.83,Live,,,,,"#55 Maya Hernandez, #0 Sarah Deng, #6 Shawnee Nordstrom, #11 Erica Finney, #13 Ivana Krajina",,,
60,9,P5,,Offense,,,0:12.4,N/A,N/A,0:11.83,0:24.23,Live,,,,,"#13 Ivana Krajina, #55 Maya Hernandez, Transition, #6 Shawnee Nordstrom, #11 Erica Finney, #0 Sarah Deng",,,
61,@-8-),P6,,"Defense, Allow Paint Touch, Allow O-Board",,,0:17.4,N/A,N/A,4:12.42,4:29.80,Live,,,,,"#02 Mari Somvichian, #13 Ivana Krajina, #06 Shawnee Nordstrom, #24 Kayla Jones, #04 Allison Clarke",,,
62,),P6,,Defense,,,0:20.5,N/A,N/A,4:55.02,5:15.55,Live,,,,,"#30 Janay Brantley, #03 Danae Powell, #55 Maya Hernandez, #08 Shanayka Ismar, #22 Ali'a Matavao",,,
63,@,P6,,"Defense, Allow Paint Touch, Allow Middle",,,0:15.8,N/A,N/A,5:24.96,5:40.76,Live,,,,,"#11 Erica Finney, #06 Shawnee Nordstrom, #07 Ana Milanovic, #0 Sarah Deng, #04 Allison Clarke",,,
64,3,P6,,Defense,,,0:13.7,N/A,N/A,5:45.65,5:59.40,Live,,,,,"#0 Sarah Deng, #04 Allison Clarke, #07 Ana Milanovic, #11 Erica Finney, #06 Shawnee Nordstrom",,,
65,@,P6,,"Defense, Allow Paint Touch",,,0:15.0,N/A,N/A,6:31.89,6:46.92,Live,,,,,"#24 Kayla Jones, #0 Sarah Deng, #08 Shanayka Ismar, #02 Mari Somvichian, #03 Danae Powell",,,
66,2,P6,,"Defense, Allow Paint Touch",,,0:18.8,N/A,N/A,6:53.36,7:12.19,Live,,,,,"#24 Kayla Jones, #02 Mari Somvichian, #03 Danae Powell, #0 Sarah Deng, #08 Shanayka Ismar",,,
67,),P6,,Defense,,,0:11.3,N/A,N/A,0:08.45,0:19.75,Live,,,,,"#06 Shawnee Nordstrom, #30 Janay Brantley, #04 Allison Clarke, #55 Maya Hernandez, #22 Ali'a Matavao",,,
68,9,P6,,Defense,,,0:16.9,N/A,N/A,1:01.21,1:18.12,Live,,,,,"#55 Maya Hernandez, #22 Ali'a Matavao, #04 Allison Clarke, #30 Janay Brantley, #06 Shawnee Nordstrom",,,
69,9,P6,,"Defense, Allow Paint Touch",,,0:12.6,N/A,N/A,0:23.85,0:36.49,Live,,,,,"#07 Ana Milanovic, #13 Ivana Krajina, #02 Mari Somvichian, #03 Danae Powell, #11 Erica Finney",,,
70,9,P6,,Defense,,,0:08.5,N/A,N/A,0:44.91,0:53.43,Live,,,,,"#08 Shanayka Ismar, #0 Sarah Deng, #55 Maya Hernandez, #06 Shawnee Nordstrom, #24 Kayla Jones",,,
71,#-8-2,P6,,"Defense, Allow UC 3, Allow O-Board",,,0:14.0,N/A,N/A,1:50.15,2:04.19,Live,,,,,"#0 Sarah Deng, #06 Shawnee Nordstrom, #55 Maya Hernandez, #08 Shanayka Ismar, #24 Kayla Jones",,,
72,2,P6,,"Defense, Allow Paint Touch",,,0:09.9,N/A,N/A,2:13.01,2:22.93,Live,,,,,"#02 Mari Somvichian, #04 Allison Clarke, #07 Ana Milanovic, #30 Janay Brantley, #22 Ali'a Matavao",,,
73,2,P6,,"Defense, Allow Paint Touch",,,0:11.5,N/A,N/A,3:15.99,3:27.49,Live,,,,,"#02 Mari Somvichian, #04 Allison Clarke, #30 Janay Brantley, #07 Ana Milanovic, #22 Ali'a Matavao",,,
74,),P6,,Defense,,,0:07.8,N/A,N/A,3:44.75,3:52.52,Live,,,,,"#08 Shanayka Ismar, #11 Erica Finney, #06 Shawnee Nordstrom, #03 Danae Powell, #24 Kayla Jones",,,
75,),P6,,Defense,,,0:06.9,N/A,N/A,3:58.66,4:05.55,Live,,,,,"#13 Ivana Krajina, #24 Kayla Jones, #06 Shawnee Nordstrom, #03 Danae Powell, #08 Shanayka Ismar",,,
76,@,P6,,Defense,,,0:13.7,N/A,N/A,4:20.85,4:34.52,Live,,,,,"#06 Shawnee Nordstrom, #11 Erica Finney, #24 Kayla Jones, #03 Danae Powell, #08 Shanayka Ismar",,,
77,9,P6,,"Defense, Deflection",,,0:07.0,N/A,N/A,0:03.01,0:09.96,Live,,,,,"#02 Mari Somvichian, #30 Janay Brantley, #55 Maya Hernandez, #0 Sarah Deng, #03 Danae Powell",,,
78,3,P6,,"Defense, Allow UC 3",,,0:14.4,N/A,N/A,0:17.71,0:32.15,Live,,,,,"#0 Sarah Deng, #55 Maya Hernandez, #30 Janay Brantley, #02 Mari Somvichian, #03 Danae Powell",,,
79,2,P6,,Offense,,,0:16.0,N/A,N/A,0:56.62,1:12.59,Live,,,,,"#03 Danae Powell, #13 Ivana Krajina, #06 Shawnee Nordstrom, Half-court, #24 Kayla Jones, #0 Sarah Deng",,,
80,3,P6,,"Defense, Allow UC 3",,,0:20.3,N/A,N/A,1:12.59,1:32.89,Live,,,,,"#0 Sarah Deng, #06 Shawnee Nordstrom, #13 Ivana Krajina, #03 Danae Powell, #24 Kayla Jones",,,
81,2,P6,,Offense,,,0:09.7,N/A,N/A,1:32.89,1:42.55,Live,,,,,"#06 Shawnee Nordstrom, #03 Danae Powell, #13 Ivana Krajina, #24 Kayla Jones, Transition, #0 Sarah Deng",,,
82,@,P6,,Offense,,,0:29.0,N/A,N/A,0:05.29,0:34.26,Live,,,,,"#55 Maya Hernandez, #07 Ana Milanovic, Half-court, #04 Allison Clarke, #08 Shanayka Ismar, #02 Mari Somvichian",,,
83,),P6,,Offense,,,0:06.2,N/A,N/A,0:00.00,0:06.16,Live,,,,,"#03 Danae Powell, #11 Erica Finney, #24 Kayla Jones, #06 Shawnee Nordstrom, Half-court, #13 Ivana Krajina",,,
84,),P6,,Offense,,,0:09.0,N/A,N/A,0:46.52,0:55.57,Live,,,,,"#03 Danae Powell, #24 Kayla Jones, #11 Erica Finney, #13 Ivana Krajina, #06 Shawnee Nordstrom, Half-court",,,
85,),P6,,Offense,,,0:18.7,N/A,N/A,1:10.76,1:29.45,Live,,,,,"Half-court, #03 Danae Powell, #06 Shawnee Nordstrom, #24 Kayla Jones, #11 Erica Finney, #13 Ivana Krajina",,,
86,#,P6,,Offense,,,0:14.0,N/A,N/A,2:34.99,2:48.99,Live,,,,,"#13 Ivana Krajina, Half-court, #03 Danae Powell, #06 Shawnee Nordstrom, #04 Allison Clarke, #24 Kayla Jones",,,
87,),P6,,Defense,,,0:06.0,N/A,N/A,2:48.99,2:54.99,Live,,,,,"#04 Allison Clarke, #13 Ivana Krajina, #03 Danae Powell, #06 Shawnee Nordstrom, #24 Kayla Jones",,,
88,#-8,P6,,Offense,,,0:22.8,0:07.6,0:30.3,3:36.61,4:06.95,Live,,,,,"#04 Allison Clarke, #24 Kayla Jones, Transition, #03 Danae Powell, #06 Shawnee Nordstrom, #13 Ivana Krajina",,,
89,2,P6,,Offense,,,0:17.6,N/A,N/A,4:20.29,4:37.89,Live,,,,,"#03 Danae Powell, #13 Ivana Krajina, Half-court, #04 Allison Clarke, #24 Kayla Jones, #06 Shawnee Nordstrom",,,
90,),P6,,Defense,,,0:10.0,N/A,N/A,4:37.89,4:47.92,Live,,,,,"#03 Danae Powell, #06 Shawnee Nordstrom, #13 Ivana Krajina, #04 Allison Clarke, #24 Kayla Jones",,,
91,0-1-1,P6,,"Defense, Allow Paint Touch",,,0:10.5,N/A,N/A,0:00.23,0:10.70,Live,,,,,"#24 Kayla Jones, #04 Allison Clarke, #06 Shawnee Nordstrom, #03 Danae Powell, #13 Ivana Krajina",,,
92,2,P6,,"Defense, Allow Paint Touch",,,0:13.0,N/A,N/A,1:10.77,1:23.76,Live,,,,,"#13 Ivana Krajina, #04 Allison Clarke, #03 Danae Powell, #06 Shawnee Nordstrom, #24 Kayla Jones",,,
93,2,P6,,Offense,,,0:13.1,N/A,N/A,1:23.76,1:36.83,Live,,,,,"#24 Kayla Jones, #04 Allison Clarke, #13 Ivana Krajina, #03 Danae Powell, #06 Shawnee Nordstrom, Transition",,,
94,),P6,,Offense,,,0:07.0,N/A,N/A,1:50.53,1:57.49,Live,,,,,"Half-court, #02 Mari Somvichian, #11 Erica Finney, #0 Sarah Deng, #55 Maya Hernandez, #07 Ana Milanovic",,,
95,@-8,P6,,Offense,,,0:23.7,N/A,N/A,2:09.68,2:33.40,Live,,,,,"#0 Sarah Deng, #07 Ana Milanovic, #02 Mari Somvichian, #55 Maya Hernandez, Transition, #11 Erica Finney",,,
96,9,P6,,Offense,,,0:13.3,N/A,N/A,3:17.86,3:31.20,Live,,,,,"#11 Erica Finney, #55 Maya Hernandez, Half-court, #0 Sarah Deng, #02 Mari Somvichian, #07 Ana Milanovic",,,
97,@,P6,,Offense,,,0:13.9,N/A,N/A,3:56.25,4:10.16,Live,,,,,"Half-court, #0 Sarah Deng, #02 Mari Somvichian, #11 Erica Finney, #13 Ivana Krajina, #07 Ana Milanovic",,,
98,2,P6,,Offense,,,0:11.6,N/A,N/A,4:38.59,4:50.22,Live,,,,,"#0 Sarah Deng, #13 Ivana Krajina, Half-court, #02 Mari Somvichian, #11 Erica Finney, #07 Ana Milanovic",,,
99,9,P6,,"Defense, Allow Middle, Allow Paint Touch",,,0:16.2,N/A,N/A,4:50.22,5:06.38,Live,,,,,"#07 Ana Milanovic, #02 Mari Somvichian, #0 Sarah Deng, #11 Erica Finney, #13 Ivana Krajina",,,
100,),P6,,Offense,,,0:08.6,N/A,N/A,5:06.38,5:14.93,Live,,,,,"#11 Erica Finney, #0 Sarah Deng, #02 Mari Somvichian, #07 Ana Milanovic, Transition, #13 Ivana Krajina",,,
101,0-2-1,P7,,"Defense, Allow Paint Touch",,,0:15.6,N/A,N/A,1:06.82,1:22.46,Live,,,,,"#06 Shawnee Nordstrom, #13 Ivana Krajina, #24 Kayla Jones, #55 Maya Hernandez, #03 Danae Powell, Half-court",,,
102,9,P7,,Defense,,,0:09.9,N/A,N/A,1:45.11,1:55.00,Live,,,,,"#03 Danae Powell, #13 Ivana Krajina, #06 Shawnee Nordstrom, #55 Maya Hernandez, #24 Kayla Jones",,,
103,),P7,,"Defense, Deflection",,,0:14.4,N/A,N/A,1:58.56,2:12.92,Live,,,,,"#13 Ivana Krajina, #55 Maya Hernandez, #03 Danae Powell, #06 Shawnee Nordstrom, #24 Kayla Jones",,,
104,9,P7,,Defense,,,0:13.5,N/A,N/A,2:22.19,2:35.66,Live,,,,,"#13 Ivana Krajina, #24 Kayla Jones, #06 Shawnee Nordstrom, #03 Danae Powell, #55 Maya Hernandez",,,
105,0-1-!,P7,,Defense,,,0:20.3,N/A,N/A,0:04.25,0:24.50,Live,,,,,"Half-court, #02 Mari Somvichian, #04 Allison Clarke, #13 Ivana Krajina, #0 Sarah Deng, #07 Ana Milanovic",,,
106,9,P7,,"Defense, Deflection",,,0:11.9,N/A,N/A,0:49.43,1:01.29,Live,,,,,"#04 Allison Clarke, #07 Ana Milanovic, #13 Ivana Krajina, #0 Sarah Deng, #02 Mari Somvichian",,,
107,2,P7,,"Defense, Allow Paint Touch",,,0:13.2,N/A,N/A,1:12.84,1:26.07,Live,,,,,"#04 Allison Clarke, #07 Ana Milanovic, #13 Ivana Krajina, #02 Mari Somvichian, #0 Sarah Deng, Half-court",,,
108,),P7,,Defense,,,0:13.3,N/A,N/A,0:19.01,0:32.28,Live,,,,,"#0 Sarah Deng, #02 Mari Somvichian, #04 Allison Clarke, #07 Ana Milanovic, Half-court, #13 Ivana Krajina",,,
109,@-8-#-8-0-1-1,P7,,"Defense, Allow Paint Touch, Allow O-Board",,,0:32.2,N/A,N/A,1:05.38,1:37.56,Live,,,,,"#08 Shanayka Ismar, #24 Kayla Jones, #06 Shawnee Nordstrom, Half-court, #55 Maya Hernandez, #11 Erica Finney",,,
110,#-8-3,P7,,"Defense, Allow Paint Touch, Allow O-Board, Allow UC 3",,,0:20.1,N/A,N/A,2:10.54,2:30.69,Live,,,,,"#06 Shawnee Nordstrom, #55 Maya Hernandez, #11 Erica Finney, Half-court, #08 Shanayka Ismar, #24 Kayla Jones",,,
111,9,P7,,"Defense, Allow Paint Touch",,,0:18.2,N/A,N/A,2:40.98,2:59.22,Live,,,,,"#06 Shawnee Nordstrom, #11 Erica Finney, #08 Shanayka Ismar, #24 Kayla Jones, #55 Maya Hernandez",,,
112,9,P7,,"Defense, Deflection",,,0:23.5,N/A,N/A,0:32.58,0:56.10,Live,,,,,"#08 Shanayka Ismar, #24 Kayla Jones, #11 Erica Finney, #06 Shawnee Nordstrom, Half-court, #55 Maya Hernandez",,,
113,),P7,,Offense,,,0:03.1,N/A,N/A,0:15.94,0:19.06,Live,,,,,"#03 Danae Powell, #06 Shawnee Nordstrom, #13 Ivana Krajina, #0 Sarah Deng, #24 Kayla Jones",,,
114,3,P7,,Offense,,,0:21.5,N/A,N/A,0:49.46,1:10.93,Live,,,,,"#03 Danae Powell, #0 Sarah Deng, #13 Ivana Krajina, #06 Shawnee Nordstrom, Half-court, #24 Kayla Jones",,,
115,9,P7,,"Defense, Deflection",,,0:14.5,N/A,N/A,1:10.93,1:25.45,Live,,,,,"#03 Danae Powell, #0 Sarah Deng, #24 Kayla Jones, Half-court, #13 Ivana Krajina, #06 Shawnee Nordstrom",,,
116,#-8-#-),P7,,Offense,,,0:15.5,N/A,N/A,1:24.71,1:40.23,Live,,,,,"#06 Shawnee Nordstrom, #03 Danae Powell, #13 Ivana Krajina, #24 Kayla Jones, #0 Sarah Deng, Transition",,,
117,9,P7,,Offense,,,0:07.8,N/A,N/A,0:07.75,0:15.55,Live,,,,,"#13 Ivana Krajina, #24 Kayla Jones, #03 Danae Powell, #06 Shawnee Nordstrom, #0 Sarah Deng, Half-court",,,
118,0-1-!,P7,,"Defense, Allow Paint Touch",,,0:15.8,N/A,N/A,0:19.82,0:35.63,Live,,,,,"#13 Ivana Krajina, #0 Sarah Deng, #03 Danae Powell, #24 Kayla Jones, #06 Shawnee Nordstrom, Half-court",,,
119,),P7,,Offense,,,0:06.2,N/A,N/A,1:06.90,1:13.05,Live,,,,,"#11 Erica Finney, #13 Ivana Krajina, #55 Maya Hernandez, #04 Allison Clarke, Transition, #08 Shanayka Ismar",,,
120,),P7,,Offense,,,0:17.7,N/A,N/A,1:29.33,1:47.07,Live,,,,,"#04 Allison Clarke, #13 Ivana Krajina, Half-court, #08 Shanayka Ismar, #11 Erica Finney, #55 Maya Hernandez",,,
121,),P7,,Offense,,,0:11.1,N/A,N/A,2:26.88,2:38.02,Live,,,,,"#55 Maya Hernandez, Half-court, #11 Erica Finney, #13 Ivana Krajina, #08 Shanayka Ismar, #04 Allison Clarke",,,
122,#,P7,,Offense,,,0:17.8,N/A,N/A,3:27.32,3:45.14,Live,,,,,"#08 Shanayka Ismar, Half-court, #04 Allison Clarke, #13 Ivana Krajina, #55 Maya Hernandez, #11 Erica Finney",,,
123,),P7,,Defense,,,0:08.2,N/A,N/A,3:42.06,3:50.22,Live,,,,,"#13 Ivana Krajina, #55 Maya Hernandez, Transition, #11 Erica Finney, #04 Allison Clarke, #08 Shanayka Ismar",,,
124,9,P7,,"Defense, Deflection",,,0:27.4,N/A,N/A,4:41.35,5:08.77,Live,,,,,"#04 Allison Clarke, #55 Maya Hernandez, #11 Erica Finney, Transition, #13 Ivana Krajina, #08 Shanayka Ismar",,,
125,2,P7,,Offense,,,0:29.6,N/A,N/A,0:02.82,0:32.39,Live,,,,,"#03 Danae Powell, #07 Ana Milanovic, #24 Kayla Jones, #06 Shawnee Nordstrom, #02 Mari Somvichian, Half-court",,,
126,),P7,,"Defense, Allow Middle",,,0:12.7,N/A,N/A,0:30.49,0:43.17,Live,,,,,"Transition, #07 Ana Milanovic, #06 Shawnee Nordstrom, #02 Mari Somvichian, #03 Danae Powell, #24 Kayla Jones",,,
127,),P7,,Defense,,,0:12.7,N/A,N/A,1:13.52,1:26.20,Live,,,,,"Half-court, #06 Shawnee Nordstrom, #24 Kayla Jones, #02 Mari Somvichian, #07 Ana Milanovic, #03 Danae Powell",,,
128,9,P7,,Defense,,,0:17.1,N/A,N/A,2:15.88,2:32.99,Live,,,,,"#07 Ana Milanovic, #03 Danae Powell, #06 Shawnee Nordstrom, #24 Kayla Jones, #02 Mari Somvichian",,,
129,#,P7,,Offense,,,0:13.7,N/A,N/A,0:00.14,0:13.84,Live,,,,,"#03 Danae Powell, Half-court, #06 Shawnee Nordstrom, #24 Kayla Jones, #02 Mari Somvichian, #07 Ana Milanovic",,,
130,2,P7,,Defense,,,0:09.9,N/A,N/A,0:11.13,0:21.03,Live,,,,,"#07 Ana Milanovic, #03 Danae Powell, Transition, #24 Kayla Jones, #02 Mari Somvichian, #06 Shawnee Nordstrom",,,
131,),P7,,Offense,,,0:05.3,N/A,N/A,0:54.93,1:00.25,Live,,,,,"#0 Sarah Deng, #03 Danae Powell, #06 Shawnee Nordstrom, #13 Ivana Krajina, #55 Maya Hernandez",,,
132,9,P7,,Offense,,,0:10.5,N/A,N/A,1:23.53,1:34.06,Live,,,,,"#03 Danae Powell, #13 Ivana Krajina, #55 Maya Hernandez, #0 Sarah Deng, #06 Shawnee Nordstrom, Transition",,,
133,#-8-2,P7,,Offense,,,0:34.2,N/A,N/A,2:12.08,2:46.33,Live,,,,,"#03 Danae Powell, #0 Sarah Deng, #13 Ivana Krajina, #06 Shawnee Nordstrom, Half-court, #55 Maya Hernandez",,,
134,0-!-1,P7,,"Defense, Allow Paint Touch",,,0:28.7,N/A,N/A,2:41.59,3:10.29,Live,,,,,"#03 Danae Powell, #06 Shawnee Nordstrom, #13 Ivana Krajina, #55 Maya Hernandez, #0 Sarah Deng, Half-court",,,
135,9,P7,,Offense,,,0:05.6,N/A,N/A,3:33.30,3:38.88,Live,,,,,"#13 Ivana Krajina, Transition, #0 Sarah Deng, #55 Maya Hernandez, #03 Danae Powell, #06 Shawnee Nordstrom",,,
136,9,P7,,Defense,,,0:14.9,N/A,N/A,3:35.65,3:50.55,Live,,,,,"#0 Sarah Deng, #06 Shawnee Nordstrom, #55 Maya Hernandez, Transition, #03 Danae Powell, #13 Ivana Krajina",,,
137,2,P7,,Offense,,,0:12.4,N/A,N/A,4:26.33,4:38.69,Live,,,,,"#08 Shanayka Ismar, #11 Erica Finney, #55 Maya Hernandez, #04 Allison Clarke, #13 Ivana Krajina",,,
138,9,P7,,Defense,,,0:18.3,N/A,N/A,4:33.82,4:52.12,Live,,,,,"#55 Maya Hernandez, #04 Allison Clarke, #08 Shanayka Ismar, #11 Erica Finney, #13 Ivana Krajina",,,
139,2,P7,,Offense,,,0:17.2,N/A,N/A,4:51.09,5:08.29,Live,,,,,"#11 Erica Finney, #55 Maya Hernandez, #04 Allison Clarke, #08 Shanayka Ismar, Half-court, #13 Ivana Krajina",,,
140,3,P7,,"Defense, Allow Middle, Allow UC 3",,,0:16.0,N/A,N/A,5:04.42,5:20.46,Live,,,,,"#08 Shanayka Ismar, #11 Erica Finney, #55 Maya Hernandez, #13 Ivana Krajina, #04 Allison Clarke",,,
141,2,P7,,Offense,,,0:13.1,N/A,N/A,5:20.46,5:33.59,Live,,,,,"#04 Allison Clarke, #11 Erica Finney, Transition, #08 Shanayka Ismar, #55 Maya Hernandez, #13 Ivana Krajina",,,
142,2,P7,,"Defense, Allow Middle, Allow Paint Touch",,,0:17.0,N/A,N/A,5:33.59,5:50.59,Live,,,,,"#08 Shanayka Ismar, #04 Allison Clarke, #13 Ivana Krajina, #55 Maya Hernandez, #11 Erica Finney",,,
143,3,P7,,Offense,,,0:15.3,N/A,N/A,0:08.29,0:23.59,Live,,,,,"#02 Mari Somvichian, #06 Shawnee Nordstrom, #0 Sarah Deng, Transition, #07 Ana Milanovic, #24 Kayla Jones",,,
144,3,P7,,"Defense, Allow UC 3",,,0:19.1,N/A,N/A,0:23.59,0:42.70,Live,,,,,"#0 Sarah Deng, #24 Kayla Jones, #07 Ana Milanovic, #02 Mari Somvichian, #06 Shawnee Nordstrom",,,
145,#,P7,,Offense,,,0:22.5,N/A,N/A,0:42.70,1:05.22,Live,,,,,"#0 Sarah Deng, #02 Mari Somvichian, #06 Shawnee Nordstrom, #24 Kayla Jones, #07 Ana Milanovic",,,
146,9,P7,,Defense,,,0:06.4,N/A,N/A,1:05.22,1:11.63,Live,,,,,"#06 Shawnee Nordstrom, #07 Ana Milanovic, #02 Mari Somvichian, #0 Sarah Deng, #24 Kayla Jones",,,
147,3,P7,,Offense,,,0:10.3,N/A,N/A,1:11.63,1:21.96,Live,,,,,"#24 Kayla Jones, #07 Ana Milanovic, #06 Shawnee Nordstrom, Transition, #0 Sarah Deng, #02 Mari Somvichian",,,
148,9,P7,,"Defense, Allow Middle",,,0:13.5,N/A,N/A,1:21.96,1:35.46,Live,,,,,"#0 Sarah Deng, #24 Kayla Jones, #06 Shawnee Nordstrom, #07 Ana Milanovic, #02 Mari Somvichian",,,
149,#,P8,,Offense,,,0:20.3,N/A,N/A,0:39.15,0:59.44,Live,,,,,"#11 Erica Finney, Half-court, #55 Maya Hernandez, #0 Sarah Deng, #06 Shawnee Nordstrom, #24 Kayla Jones",,,
150,9,P8,,Defense,,,0:10.8,N/A,N/A,0:58.99,1:09.83,Live,,,,,"#11 Erica Finney, #06 Shawnee Nordstrom, #55 Maya Hernandez, #0 Sarah Deng, #24 Kayla Jones",,,
151,),P8,,Offense,,,0:09.7,N/A,N/A,1:32.72,1:42.42,Live,,,,,"#13 Ivana Krajina, #07 Ana Milanovic, #08 Shanayka Ismar, #03 Danae Powell, Half-court, #04 Allison Clarke",,,
152,9,P8,,Offense,,,0:16.2,N/A,N/A,2:09.06,2:25.29,Live,,,,,"#03 Danae Powell, Half-court, #04 Allison Clarke, #08 Shanayka Ismar, #07 Ana Milanovic, #13 Ivana Krajina",,,
153,2,P8,,"Defense, Allow Paint Touch",,,0:09.2,N/A,N/A,2:24.25,2:33.46,Live,,,,,"#07 Ana Milanovic, #03 Danae Powell, #08 Shanayka Ismar, #13 Ivana Krajina, #04 Allison Clarke",,,
154,@-8-@,P8,,Offense,,,0:30.4,N/A,N/A,2:32.33,3:02.70,Live,,,,,"#07 Ana Milanovic, #13 Ivana Krajina, #03 Danae Powell, #04 Allison Clarke, #3 Danae Powell, #08 Shanayka Ismar",,,
155,@-8-@,P8,,Offense,,,0:31.7,N/A,N/A,2:32.83,3:04.50,Live,,,,,"#08 Shanayka Ismar, #04 Allison Clarke, Transition, #13 Ivana Krajina, #03 Danae Powell, #07 Ana Milanovic",,,
156,#-8-3,P8,,Offense,,,0:23.9,N/A,N/A,0:06.55,0:30.49,Live,,,,,"#55 Maya Hernandez, Half-court, #24 Kayla Jones, #0 Sarah Deng, #11 Erica Finney, #06 Shawnee Nordstrom",,,
157,3,P8,,"Defense, Allow UC 3",,,0:15.9,N/A,N/A,0:29.65,0:45.52,Live,,,,,"#24 Kayla Jones, #55 Maya Hernandez, #0 Sarah Deng, #06 Shawnee Nordstrom, #11 Erica Finney",,,
158,),P8,,Offense,,,0:08.1,N/A,N/A,0:55.69,1:03.82,Live,,,,,"#06 Shawnee Nordstrom, #24 Kayla Jones, #0 Sarah Deng, Half-court, #55 Maya Hernandez, #11 Erica Finney",,,
159,#,P8,,Offense,,,0:19.2,N/A,N/A,1:08.22,1:27.39,Live,,,,,"#0 Sarah Deng, #55 Maya Hernandez, Half-court, #24 Kayla Jones, #06 Shawnee Nordstrom, #11 Erica Finney",,,
160,),P8,,"Defense, Allow UC 3",,,0:11.7,N/A,N/A,1:24.69,1:36.36,Live,,,,,"#06 Shawnee Nordstrom, #11 Erica Finney, #55 Maya Hernandez, #0 Sarah Deng, #24 Kayla Jones",,,
161,9,P8,,Offense,,,0:10.3,N/A,N/A,2:48.45,2:58.76,Live,,,,,"#0 Sarah Deng, #24 Kayla Jones, #06 Shawnee Nordstrom, #55 Maya Hernandez, Half-court, #11 Erica Finney",,,
162,0-1-!,P8,,Defense,,,0:04.6,N/A,N/A,2:56.02,3:00.63,Live,,,,,"#06 Shawnee Nordstrom, #24 Kayla Jones, #55 Maya Hernandez, #11 Erica Finney, #0 Sarah Deng",,,
163,2,P8,,Offense,,,0:20.3,N/A,N/A,3:17.80,3:38.09,Live,,,,,"#08 Shanayka Ismar, #04 Allison Clarke, #13 Ivana Krajina, #02 Mari Somvichian, #07 Ana Milanovic, Half-court",,,
164,@-8-@-8-2,P8,,Offense,,,0:21.9,N/A,N/A,3:48.40,4:10.26,Live,,,,,"#24 Kayla Jones, Half-court, #0 Sarah Deng, #11 Erica Finney, #06 Shawnee Nordstrom, #55 Maya Hernandez",,,
165,9,P8,,"Defense, Deflection",,,0:08.1,N/A,N/A,4:10.26,4:18.32,Live,,,,,"#0 Sarah Deng, #55 Maya Hernandez, #06 Shawnee Nordstrom, #24 Kayla Jones, #11 Erica Finney",,,
166,@,P8,,Offense,,,0:14.7,N/A,N/A,4:15.22,4:29.93,Live,,,,,"#55 Maya Hernandez, #0 Sarah Deng, #06 Shawnee Nordstrom, #24 Kayla Jones, #11 Erica Finney, Transition",,,
167,@-8-#-8-9,P8,,Offense,,,0:47.7,N/A,N/A,0:53.49,1:41.20,Live,,,,,"#04 Allison Clarke, Half-court, #07 Ana Milanovic, #03 Danae Powell, #08 Shanayka Ismar, #13 Ivana Krajina",,,
168,),P8,,Offense,,,0:12.0,N/A,N/A,1:47.82,1:59.86,Live,,,,,"#06 Shawnee Nordstrom, #11 Erica Finney, Half-court, #0 Sarah Deng, #55 Maya Hernandez, #24 Kayla Jones",,,
169,@,P8,,Offense,,,0:12.6,N/A,N/A,0:28.73,0:41.33,Live,,,,,"#11 Erica Finney, #06 Shawnee Nordstrom, #24 Kayla Jones, #55 Maya Hernandez, Half-court, #0 Sarah Deng",,,
170,#,P8,,Offense,,,0:19.3,N/A,N/A,0:46.91,1:06.25,Live,,,,,"#04 Allison Clarke, #02 Mari Somvichian, Half-court, #13 Ivana Krajina, #07 Ana Milanovic, #08 Shanayka Ismar",,,
171,2,P8,,"Defense, Allow Paint Touch",,,0:06.7,N/A,N/A,1:05.79,1:12.47,Live,,,,,"#07 Ana Milanovic, #08 Shanayka Ismar, #13 Ivana Krajina, #04 Allison Clarke, #02 Mari Somvichian",,,
172,2,P8,,Offense,,,0:24.8,N/A,N/A,1:40.83,2:05.63,Live,,,,,"#55 Maya Hernandez, #04 Allison Clarke, #06 Shawnee Nordstrom, #13 Ivana Krajina, #0 Sarah Deng, Half-court",,,
173,9,P8,,"Defense, Deflection",,,0:16.3,N/A,N/A,2:05.63,2:21.90,Live,,,,,"#55 Maya Hernandez, #04 Allison Clarke, #13 Ivana Krajina, #06 Shawnee Nordstrom, #0 Sarah Deng",,,
174,3,P8,,Offense,,,0:16.4,N/A,N/A,2:31.82,2:48.20,Live,,,,,"#0 Sarah Deng, #13 Ivana Krajina, #06 Shawnee Nordstrom, #04 Allison Clarke, #55 Maya Hernandez",,,
175,),P8,,Defense,,,0:06.8,N/A,N/A,2:48.20,2:54.95,Live,,,,,"#55 Maya Hernandez, #04 Allison Clarke, #13 Ivana Krajina, #0 Sarah Deng, #06 Shawnee Nordstrom",,,
176,@,P8,,Offense,,,0:20.8,N/A,N/A,4:55.03,5:15.82,Live,,,,,"#24 Kayla Jones, Half-court, #08 Shanayka Ismar, #55 Maya Hernandez, #0 Sarah Deng, #04 Allison Clarke",,,
177,2,P8,,Offense,,,0:31.7,N/A,N/A,0:39.26,1:11.00,Live,,,,,"Half-court, #0 Sarah Deng, #08 Shanayka Ismar, #24 Kayla Jones, #04 Allison Clarke, #55 Maya Hernandez",,,
178,9,P8,,Offense,,,0:06.7,N/A,N/A,2:20.66,2:27.38,Live,,,,,"#04 Allison Clarke, #08 Shanayka Ismar, #55 Maya Hernandez, #0 Sarah Deng, Half-court, #24 Kayla Jones",,,
179,3,P8,,"Defense, Allow Middle",,,0:11.2,N/A,N/A,2:26.45,2:37.65,Live,,,,,"#04 Allison Clarke, #55 Maya Hernandez, #24 Kayla Jones, #08 Shanayka Ismar, #0 Sarah Deng",,,
180,3,P8,,Offense,,,0:16.5,N/A,N/A,3:19.39,3:35.92,Live,,,,,"#11 Erica Finney, Half-court, #06 Shawnee Nordstrom, #07 Ana Milanovic, #13 Ivana Krajina, #02 Mari Somvichian",,,
181,9,P8,,Defense,,,0:07.3,N/A,N/A,3:35.04,3:42.36,Live,,,,,"#06 Shawnee Nordstrom, #13 Ivana Krajina, #02 Mari Somvichian, #07 Ana Milanovic, #11 Erica Finney",,,
182,2,P8,,Defense,,,0:09.7,N/A,N/A,3:59.39,4:09.06,Live,,,,,"#02 Mari Somvichian, #11 Erica Finney, #06 Shawnee Nordstrom, #07 Ana Milanovic, #13 Ivana Krajina",,,
183,@,P8,,"Defense, Allow Middle, Allow Paint Touch",,,0:13.3,N/A,N/A,4:20.79,4:34.12,Live,,,,,"#11 Erica Finney, #13 Ivana Krajina, #06 Shawnee Nordstrom, #02 Mari Somvichian, #07 Ana Milanovic",,,
184,9,P8,,Defense,,,0:17.0,N/A,N/A,5:07.26,5:24.26,Live,,,,,"#04 Allison Clarke, #24 Kayla Jones, #0 Sarah Deng, #08 Shanayka Ismar, #55 Maya Hernandez",,,
185,2,P8,,Offense,,,0:09.8,N/A,N/A,5:20.91,5:30.70,Live,,,,,"#24 Kayla Jones, #08 Shanayka Ismar, #55 Maya Hernandez, #0 Sarah Deng, #04 Allison Clarke, Transition",,,
186,2,P8,,Defense,,,0:09.4,N/A,N/A,5:30.37,5:39.73,Live,,,,,"#08 Shanayka Ismar, #0 Sarah Deng, #24 Kayla Jones, #04 Allison Clarke, #55 Maya Hernandez",,,
187,0-2-1,P8,,"Defense, Allow Paint Touch",,,0:15.1,N/A,N/A,0:22.82,0:37.93,Live,,,,,"#55 Maya Hernandez, #0 Sarah Deng, #08 Shanayka Ismar, #04 Allison Clarke, #24 Kayla Jones",,,
