Week,PossessionID,Side,Notes,HeightSortedLineup,IncompleteResult,Duration,2FGA,2FGM,3PA,3PM,FTA,FTM,TOV,ORB,FOUL,PTS,Team_DefPoss,Team_AllowMiddle,Team_AllowPaintTouch,Team_AllowUC3,Team_AllowOBoard,Team_Deflections
2,1,Defense,P5,SD-SN-AC-KJ-MH,False,0:20.0,0,0,1,1,0,0,0,0,0,3,True,True,True,True,False,False
2,2,Defense,P5,SD-SN-AC-KJ-MH,False,0:10.3,0,0,0,0,0,0,0,0,1,0,True,False,False,False,False,False
2,3,Defense,P5,DP-SI-A'M-EF-JB,True,0:14.2,0,0,0,0,0,0,0,0,0,0,True,False,False,False,False,False
2,4,Defense,P5,MS-DP-IK-EF-AM7,False,0:06.4,0,0,0,0,0,0,1,0,0,0,True,False,False,False,False,True
2,5,Defense,P5,MS-DP-IK-EF-AM7,False,0:10.6,0,0,0,0,0,0,1,0,0,0,True,False,False,False,False,True
2,6,Defense,P5,SD-SN-AC-KJ-MH,False,0:12.9,0,0,0,0,0,0,1,0,0,0,True,True,True,False,False,True
2,7,Defense,P5,DP-SI-A'M-EF-JB,True,0:09.1,0,0,0,0,0,0,0,0,0,0,True,False,False,False,False,False
2,8,Defense,P5,DP-SI-A'M-EF-JB,False,0:19.2,1,1,0,0,0,0,0,0,0,2,True,True,True,False,False,False
2,9,Defense,P5,SD-SN-AC-KJ-MH,False,0:10.6,1,1,0,0,0,0,0,0,0,2,True,False,True,False,False,False
2,10,Defense,P5,DP-SI-A'M-EF-JB,True,0:14.6,0,0,0,0,0,0,0,0,0,0,True,False,False,False,False,False
2,11,Defense,P5,MS-DP-IK-EF-AM7,False,0:17.6,0,0,1,0,0,0,0,0,0,0,True,False,True,True,False,False
2,12,Defense,P5,SD-SN-AC-KJ-MH,False,0:20.5,0,0,1,1,0,0,0,0,0,3,True,True,False,False,False,False
2,13,Defense,P5,DP-SI-A'M-EF-JB,False,0:22.5,0,0,1,1,0,0,0,0,0,3,True,False,False,True,False,False
2,14,Defense,P5,MS-DP-IK-EF-AM7,False,0:14.0,0,0,0,0,0,0,1,0,0,0,True,False,False,False,False,False
2,15,Defense,P5,SD-SN-AC-KJ-MH,False,0:15.5,0,0,0,0,0,0,1,0,0,0,True,False,False,False,False,False
2,16,Defense,P5,DP-SI-A'M-EF-JB,False,0:17.0,1,1,0,0,0,0,0,0,0,2,True,False,True,False,False,False
2,17,Defense,P5,MS-DP-IK-EF-AM7,False,0:20.6,0,0,1,1,0,0,0,0,0,3,True,False,False,True,False,False
2,18,Offense,P5,MS-DP-IK-EF-AM7,False,0:08.4,1,0,0,0,0,0,0,0,0,0,False,False,False,False,False,False
2,19,Offense,P5,MS-DP-IK-EF-AM7,False,0:12.0,0,0,0,0,0,0,1,0,0,0,False,False,False,False,False,False
2,20,Defense,P5,MS-DP-IK-EF-AM7,False,0:06.0,1,1,0,0,0,0,0,0,0,2,True,False,False,False,False,False
2,21,Offense,P5,MS-DP-IK-EF-AM7,True,0:19.0,0,0,0,0,0,0,0,0,0,0,False,False,False,False,False,False
2,22,Offense,P5,SD-SN-AC-KJ-MH,False,0:11.7,0,0,0,0,0,0,1,0,0,0,False,False,False,False,False,False
2,23,Offense,P5,SD-SN-AC-KJ-MH,False,0:08.2,0,0,0,0,0,0,1,0,0,0,False,False,False,False,False,False
2,24,Defense,P5,SD-SN-AC-KJ-MH,False,0:05.3,1,1,0,0,0,0,0,0,0,2,True,False,False,False,False,False
2,25,Offense,P5,SD-SN-AC-KJ-MH,True,0:12.1,0,0,0,0,0,0,0,0,0,0,False,False,False,False,False,False
2,26,Offense,P5,SD-SN-AC-KJ-MH,True,0:08.6,0,0,0,0,0,0,0,0,0,0,False,False,False,False,False,False
2,27,Offense,P5,SD-SN-AC-KJ-MH,False,0:17.3,2,1,0,0,0,0,0,1,0,2,False,False,False,False,False,False
2,28,Defense,P5,SD-SN-AC-KJ-MH,False,0:14.6,1,0,0,0,0,0,0,0,0,0,True,False,True,False,False,True
2,29,Defense,P5,SD-SN-AC-KJ-MH,False,0:11.7,1,1,0,0,1,1,0,0,1,3,True,False,True,False,False,False
2,30,Defense,P5,SD-SN-IK-KJ-MH,False,0:06.8,0,0,0,0,0,0,1,0,0,0,True,True,False,False,False,True
2,31,Offense,P5,SD-SN-IK-KJ-MH,False,0:15.4,1,0,0,0,0,0,0,0,0,0,False,False,False,False,False,False
2,32,Offense,P5,SN-DP-IK-KJ-MH,True,0:14.6,0,0,0,0,0,0,0,0,0,0,False,False,False,False,False,False
2,33,Offense,P5,SN-DP-IK-KJ-MH,False,0:24.2,0,0,1,0,0,0,0,0,0,0,False,False,False,False,False,False
2,34,Defense,P5,SN-DP-IK-KJ-MH,False,0:12.6,0,0,0,0,0,0,1,0,0,0,True,False,False,False,False,False
2,35,Offense,P5,SN-DP-IK-KJ-MH,False,0:05.5,1,1,0,0,0,0,0,0,0,2,False,False,False,False,False,False
2,36,Offense,P5,MS-SN-SI-IK-AM7-KJ,False,0:14.6,1,0,1,1,0,0,0,1,0,3,False,False,False,False,False,False
2,37,Defense,P5,MS-SI-IK-AM7-KJ,False,0:04.7,0,0,0,0,0,0,1,0,0,0,True,False,False,False,False,False
2,38,Offense,P5,MS-SI-IK-AM7-KJ,False,0:18.6,0,0,0,0,0,0,1,0,0,0,False,False,False,False,False,False
2,39,Defense,P5,MS-SI-IK-AM7-KJ,False,0:15.2,1,1,0,0,0,0,0,0,0,2,True,False,True,False,False,False
2,40,Offense,P5,MS-SI-IK-AM7-KJ,False,0:07.8,0,0,0,0,0,0,1,0,0,0,False,False,False,False,False,False
2,41,Defense,P5,MS-SI-IK-AM7-KJ,False,0:10.8,1,1,0,0,0,0,0,0,0,2,True,False,False,False,False,False
2,42,Offense,P5,MS-AC-IK-AM7-KJ,False,0:17.3,1,1,0,0,0,0,0,0,0,2,False,False,False,False,False,False
2,43,Defense,P5,MS-AC-IK-AM7-KJ,False,0:14.2,0,0,0,0,0,0,1,0,0,0,True,False,False,False,False,False
2,44,Offense,P5,MS-AC-IK-AM7-KJ,False,0:20.7,1,1,0,0,0,0,0,0,0,2,False,False,False,False,False,False
2,45,Defense,P5,MS-SD-AC-AM7-MH,True,0:19.0,0,0,1,0,0,0,0,1,0,0,True,True,False,False,True,False
2,46,Offense,P5,MS-SD-AC-AM7-MH,False,0:18.7,0,0,0,0,0,0,1,0,0,0,False,False,False,False,False,False
2,47,Offense,P5,MS-SD-AC-AM7-MH,False,0:11.3,1,1,0,0,0,0,0,0,0,2,False,False,False,False,False,False
2,48,Defense,P5,MS-SD-AC-AM7-MH,False,0:17.6,0,0,1,1,0,0,0,0,0,3,True,False,False,True,False,False
2,49,Offense,P5,MS-SD-AC-AM7-MH,False,0:20.4,0,0,0,0,0,0,1,0,0,0,False,False,False,False,False,False
2,50,Offense,P5,SD-SN-IK-EF-MH,False,0:11.9,0,0,1,1,0,0,0,0,0,3,False,False,False,False,False,False
2,51,Defense,P5,SD-SN-IK-EF-MH,False,0:21.8,0,0,1,0,0,0,0,0,0,0,True,False,False,True,False,False
2,52,Offense,P5,SD-SN-IK-EF-MH,False,0:18.6,0,0,1,0,0,0,0,0,0,0,False,False,False,False,False,False
2,53,Offense,P5,SD-SN-IK-EF-MH,True,0:10.9,0,0,0,0,0,0,0,0,0,0,False,False,False,False,False,False
2,54,Offense,P5,SD-SN-IK-EF-MH,False,0:14.4,1,1,0,0,0,0,0,0,0,2,False,False,False,False,False,False
2,55,Offense,P5,SD-SN-IK-EF-MH,False,0:08.1,0,0,0,0,0,0,1,0,0,0,False,False,False,False,False,False
2,56,Defense,P5,SD-SN-IK-EF-MH,False,0:01.7,0,0,0,0,0,0,1,0,0,0,True,False,False,False,False,False
2,57,Offense,P5,SD-SN-IK-EF-MH,False,0:18.9,1,1,0,0,0,0,0,0,0,2,False,False,False,False,False,False
2,58,Defense,P5,SD-SN-IK-EF-MH,True,0:13.0,0,0,0,0,0,0,0,0,0,0,True,False,False,False,False,False
2,59,Defense,P5,SD-SN-IK-EF-MH,False,0:11.7,1,1,0,0,0,0,0,0,0,2,True,False,True,False,False,False
2,60,Offense,P5,SD-SN-IK-EF-MH,False,0:12.4,0,0,0,0,0,0,1,0,0,0,False,False,False,False,False,False
2,61,Defense,P6,MS-SN-AC-IK-KJ,True,0:17.4,1,0,0,0,0,0,0,1,0,0,True,False,True,False,True,False
2,62,Defense,P6,DP-SI-A'M-JB-MH,True,0:20.5,0,0,0,0,0,0,0,0,0,0,True,False,False,False,False,False
2,63,Defense,P6,SD-SN-AC-EF-AM7,False,0:15.8,1,0,0,0,0,0,0,0,0,0,True,True,True,False,False,False
2,64,Defense,P6,SD-SN-AC-EF-AM7,False,0:13.7,0,0,1,1,0,0,0,0,0,3,True,False,False,False,False,False
2,65,Defense,P6,MS-SD-DP-SI-KJ,False,0:15.0,1,0,0,0,0,0,0,0,0,0,True,False,True,False,False,False
2,66,Defense,P6,MS-SD-DP-SI-KJ,False,0:18.8,1,1,0,0,0,0,0,0,0,2,True,False,True,False,False,False
2,67,Defense,P6,SN-AC-A'M-JB-MH,True,0:11.3,0,0,0,0,0,0,0,0,0,0,True,False,False,False,False,False
2,68,Defense,P6,SN-AC-A'M-JB-MH,False,0:16.9,0,0,0,0,0,0,1,0,0,0,True,False,False,False,False,False
2,69,Defense,P6,MS-DP-IK-EF-AM7,False,0:12.6,0,0,0,0,0,0,1,0,0,0,True,False,True,False,False,False
2,70,Defense,P6,SD-SN-SI-KJ-MH,False,0:08.5,0,0,0,0,0,0,1,0,0,0,True,False,False,False,False,False
2,71,Defense,P6,SD-SN-SI-KJ-MH,False,0:14.0,1,1,1,0,0,0,0,1,0,2,True,False,False,True,True,False
2,72,Defense,P6,MS-AC-A'M-JB-AM7,False,0:09.9,1,1,0,0,0,0,0,0,0,2,True,False,True,False,False,False
2,73,Defense,P6,MS-AC-A'M-JB-AM7,False,0:11.5,1,1,0,0,0,0,0,0,0,2,True,False,True,False,False,False
2,74,Defense,P6,SN-DP-SI-EF-KJ,True,0:07.8,0,0,0,0,0,0,0,0,0,0,True,False,False,False,False,False
2,75,Defense,P6,SN-DP-SI-IK-KJ,True,0:06.9,0,0,0,0,0,0,0,0,0,0,True,False,False,False,False,False
2,76,Defense,P6,SN-DP-SI-EF-KJ,False,0:13.7,1,0,0,0,0,0,0,0,0,0,True,False,False,False,False,False
2,77,Defense,P6,MS-SD-DP-JB-MH,False,0:07.0,0,0,0,0,0,0,1,0,0,0,True,False,False,False,False,True
2,78,Defense,P6,MS-SD-DP-JB-MH,False,0:14.4,0,0,1,1,0,0,0,0,0,3,True,False,False,True,False,False
2,79,Offense,P6,SD-SN-DP-IK-KJ,False,0:16.0,1,1,0,0,0,0,0,0,0,2,False,False,False,False,False,False
2,80,Defense,P6,SD-SN-DP-IK-KJ,False,0:20.3,0,0,1,1,0,0,0,0,0,3,True,False,False,True,False,False
2,81,Offense,P6,SD-SN-DP-IK-KJ,False,0:09.7,1,1,0,0,0,0,0,0,0,2,False,False,False,False,False,False
2,82,Offense,P6,MS-SI-AC-AM7-MH,False,0:29.0,1,0,0,0,0,0,0,0,0,0,False,False,False,False,False,False
2,83,Offense,P6,SN-DP-IK-EF-KJ,True,0:06.2,0,0,0,0,0,0,0,0,0,0,False,False,False,False,False,False
2,84,Offense,P6,SN-DP-IK-EF-KJ,True,0:09.0,0,0,0,0,0,0,0,0,0,0,False,False,False,False,False,False
2,85,Offense,P6,SN-DP-IK-EF-KJ,True,0:18.7,0,0,0,0,0,0,0,0,0,0,False,False,False,False,False,False
2,86,Offense,P6,SN-DP-AC-IK-KJ,False,0:14.0,0,0,1,0,0,0,0,0,0,0,False,False,False,False,False,False
2,87,Defense,P6,SN-DP-AC-IK-KJ,True,0:06.0,0,0,0,0,0,0,0,0,0,0,True,False,False,False,False,False
2,88,Offense,P6,SN-DP-AC-IK-KJ,False,0:22.8,0,0,1,0,0,0,0,1,0,0,False,False,False,False,False,False
2,89,Offense,P6,SN-DP-AC-IK-KJ,False,0:17.6,1,1,0,0,0,0,0,0,0,2,False,False,False,False,False,False
2,90,Defense,P6,SN-DP-AC-IK-KJ,True,0:10.0,0,0,0,0,0,0,0,0,0,0,True,False,False,False,False,False
2,91,Defense,P6,SN-DP-AC-IK-KJ,False,0:10.5,0,0,0,0,2,2,0,0,1,2,True,False,True,False,False,False
2,92,Defense,P6,SN-DP-AC-IK-KJ,False,0:13.0,1,1,0,0,0,0,0,0,0,2,True,False,True,False,False,False
2,93,Offense,P6,SN-DP-AC-IK-KJ,False,0:13.1,1,1,0,0,0,0,0,0,0,2,False,False,False,False,False,False
2,94,Offense,P6,MS-SD-EF-AM7-MH,True,0:07.0,0,0,0,0,0,0,0,0,0,0,False,False,False,False,False,False
2,95,Offense,P6,MS-SD-EF-AM7-MH,False,0:23.7,1,0,0,0,0,0,0,1,0,0,False,False,False,False,False,False
2,96,Offense,P6,MS-SD-EF-AM7-MH,False,0:13.3,0,0,0,0,0,0,1,0,0,0,False,False,False,False,False,False
2,97,Offense,P6,MS-SD-IK-EF-AM7,False,0:13.9,1,0,0,0,0,0,0,0,0,0,False,False,False,False,False,False
2,98,Offense,P6,MS-SD-IK-EF-AM7,False,0:11.6,1,1,0,0,0,0,0,0,0,2,False,False,False,False,False,False
2,99,Defense,P6,MS-SD-IK-EF-AM7,False,0:16.2,0,0,0,0,0,0,1,0,0,0,True,True,True,False,False,False
2,100,Offense,P6,MS-SD-IK-EF-AM7,True,0:08.6,0,0,0,0,0,0,0,0,0,0,False,False,False,False,False,False
2,101,Defense,P7,SN-DP-IK-KJ-MH,False,0:15.6,1,1,0,0,1,1,0,0,1,3,True,False,True,False,False,False
2,102,Defense,P7,SN-DP-IK-KJ-MH,False,0:09.9,0,0,0,0,0,0,1,0,0,0,True,False,False,False,False,False
2,103,Defense,P7,SN-DP-IK-KJ-MH,True,0:14.4,0,0,0,0,0,0,0,0,0,0,True,False,False,False,False,True
2,104,Defense,P7,SN-DP-IK-KJ-MH,False,0:13.5,0,0,0,0,0,0,1,0,0,0,True,False,False,False,False,False
2,105,Defense,P7,MS-SD-AC-IK-AM7,False,0:20.3,0,0,0,0,2,1,0,0,1,1,True,False,False,False,False,False
2,106,Defense,P7,MS-SD-AC-IK-AM7,False,0:11.9,0,0,0,0,0,0,1,0,0,0,True,False,False,False,False,True
2,107,Defense,P7,MS-SD-AC-IK-AM7,False,0:13.2,1,1,0,0,0,0,0,0,0,2,True,False,True,False,False,False
2,108,Defense,P7,MS-SD-AC-IK-AM7,True,0:13.3,0,0,0,0,0,0,0,0,0,0,True,False,False,False,False,False
2,109,Defense,P7,SN-SI-EF-KJ-MH,False,0:32.2,1,0,1,0,2,2,0,2,1,2,True,False,True,False,True,False
2,110,Defense,P7,SN-SI-EF-KJ-MH,False,0:20.1,0,0,2,1,0,0,0,1,0,3,True,False,True,True,True,False
2,111,Defense,P7,SN-SI-EF-KJ-MH,False,0:18.2,0,0,0,0,0,0,1,0,0,0,True,False,True,False,False,False
2,112,Defense,P7,SN-SI-EF-KJ-MH,False,0:23.5,0,0,0,0,0,0,1,0,0,0,True,False,False,False,False,True
2,113,Offense,P7,SD-SN-DP-IK-KJ,True,0:03.1,0,0,0,0,0,0,0,0,0,0,False,False,False,False,False,False
2,114,Offense,P7,SD-SN-DP-IK-KJ,False,0:21.5,0,0,1,1,0,0,0,0,0,3,False,False,False,False,False,False
2,115,Defense,P7,SD-SN-DP-IK-KJ,False,0:14.5,0,0,0,0,0,0,1,0,0,0,True,False,False,False,False,True
2,116,Offense,P7,SD-SN-DP-IK-KJ,True,0:15.5,0,0,2,0,0,0,0,1,0,0,False,False,False,False,False,False
2,117,Offense,P7,SD-SN-DP-IK-KJ,False,0:07.8,0,0,0,0,0,0,1,0,0,0,False,False,False,False,False,False
2,118,Defense,P7,SD-SN-DP-IK-KJ,False,0:15.8,0,0,0,0,2,1,0,0,1,1,True,False,True,False,False,False
2,119,Offense,P7,SI-AC-IK-EF-MH,True,0:06.2,0,0,0,0,0,0,0,0,0,0,False,False,False,False,False,False
2,120,Offense,P7,SI-AC-IK-EF-MH,True,0:17.7,0,0,0,0,0,0,0,0,0,0,False,False,False,False,False,False
2,121,Offense,P7,SI-AC-IK-EF-MH,True,0:11.1,0,0,0,0,0,0,0,0,0,0,False,False,False,False,False,False
2,122,Offense,P7,SI-AC-IK-EF-MH,False,0:17.8,0,0,1,0,0,0,0,0,0,0,False,False,False,False,False,False
2,123,Defense,P7,SI-AC-IK-EF-MH,True,0:08.2,0,0,0,0,0,0,0,0,0,0,True,False,False,False,False,False
2,124,Defense,P7,SI-AC-IK-EF-MH,False,0:27.4,0,0,0,0,0,0,1,0,0,0,True,False,False,False,False,True
2,125,Offense,P7,MS-SN-DP-AM7-KJ,False,0:29.6,1,1,0,0,0,0,0,0,0,2,False,False,False,False,False,False
2,126,Defense,P7,MS-SN-DP-AM7-KJ,True,0:12.7,0,0,0,0,0,0,0,0,0,0,True,True,False,False,False,False
2,127,Defense,P7,MS-SN-DP-AM7-KJ,True,0:12.7,0,0,0,0,0,0,0,0,0,0,True,False,False,False,False,False
2,128,Defense,P7,MS-SN-DP-AM7-KJ,False,0:17.1,0,0,0,0,0,0,1,0,0,0,True,False,False,False,False,False
2,129,Offense,P7,MS-SN-DP-AM7-KJ,False,0:13.7,0,0,1,0,0,0,0,0,0,0,False,False,False,False,False,False
2,130,Defense,P7,MS-SN-DP-AM7-KJ,False,0:09.9,1,1,0,0,0,0,0,0,0,2,True,False,False,False,False,False
2,131,Offense,P7,SD-SN-DP-IK-MH,True,0:05.3,0,0,0,0,0,0,0,0,0,0,False,False,False,False,False,False
2,132,Offense,P7,SD-SN-DP-IK-MH,False,0:10.5,0,0,0,0,0,0,1,0,0,0,False,False,False,False,False,False
2,133,Offense,P7,SD-SN-DP-IK-MH,False,0:34.2,1,1,1,0,0,0,0,1,0,2,False,False,False,False,False,False
2,134,Defense,P7,SD-SN-DP-IK-MH,False,0:28.7,0,0,0,0,2,1,0,0,1,1,True,False,True,False,False,False
2,135,Offense,P7,SD-SN-DP-IK-MH,False,0:05.6,0,0,0,0,0,0,1,0,0,0,False,False,False,False,False,False
2,136,Defense,P7,SD-SN-DP-IK-MH,False,0:14.9,0,0,0,0,0,0,1,0,0,0,True,False,False,False,False,False
2,137,Offense,P7,SI-AC-IK-EF-MH,False,0:12.4,1,1,0,0,0,0,0,0,0,2,False,False,False,False,False,False
2,138,Defense,P7,SI-AC-IK-EF-MH,False,0:18.3,0,0,0,0,0,0,1,0,0,0,True,False,False,False,False,False
2,139,Offense,P7,SI-AC-IK-EF-MH,False,0:17.2,1,1,0,0,0,0,0,0,0,2,False,False,False,False,False,False
2,140,Defense,P7,SI-AC-IK-EF-MH,False,0:16.0,0,0,1,1,0,0,0,0,0,3,True,True,False,True,False,False
2,141,Offense,P7,SI-AC-IK-EF-MH,False,0:13.1,1,1,0,0,0,0,0,0,0,2,False,False,False,False,False,False
2,142,Defense,P7,SI-AC-IK-EF-MH,False,0:17.0,1,1,0,0,0,0,0,0,0,2,True,True,True,False,False,False
2,143,Offense,P7,MS-SD-SN-AM7-KJ,False,0:15.3,0,0,1,1,0,0,0,0,0,3,False,False,False,False,False,False
2,144,Defense,P7,MS-SD-SN-AM7-KJ,False,0:19.1,0,0,1,1,0,0,0,0,0,3,True,False,False,True,False,False
2,145,Offense,P7,MS-SD-SN-AM7-KJ,False,0:22.5,0,0,1,0,0,0,0,0,0,0,False,False,False,False,False,False
2,146,Defense,P7,MS-SD-SN-AM7-KJ,False,0:06.4,0,0,0,0,0,0,1,0,0,0,True,False,False,False,False,False
2,147,Offense,P7,MS-SD-SN-AM7-KJ,False,0:10.3,0,0,1,1,0,0,0,0,0,3,False,False,False,False,False,False
2,148,Defense,P7,MS-SD-SN-AM7-KJ,False,0:13.5,0,0,0,0,0,0,1,0,0,0,True,True,False,False,False,False
2,149,Offense,P8,SD-SN-EF-KJ-MH,False,0:20.3,0,0,1,0,0,0,0,0,0,0,False,False,False,False,False,False
2,150,Defense,P8,SD-SN-EF-KJ-MH,False,0:10.8,0,0,0,0,0,0,1,0,0,0,True,False,False,False,False,False
2,151,Offense,P8,DP-SI-AC-IK-AM7,True,0:09.7,0,0,0,0,0,0,0,0,0,0,False,False,False,False,False,False
2,152,Offense,P8,DP-SI-AC-IK-AM7,False,0:16.2,0,0,0,0,0,0,1,0,0,0,False,False,False,False,False,False
2,153,Defense,P8,DP-SI-AC-IK-AM7,False,0:09.2,1,1,0,0,0,0,0,0,0,2,True,False,True,False,False,False
2,154,Offense,P8,DP-DP-SI-AC-IK-AM7,False,0:30.4,2,0,0,0,0,0,0,1,0,0,False,False,False,False,False,False
2,155,Offense,P8,DP-SI-AC-IK-AM7,False,0:31.7,2,0,0,0,0,0,0,1,0,0,False,False,False,False,False,False
2,156,Offense,P8,SD-SN-EF-KJ-MH,False,0:23.9,0,0,2,1,0,0,0,1,0,3,False,False,False,False,False,False
2,157,Defense,P8,SD-SN-EF-KJ-MH,False,0:15.9,0,0,1,1,0,0,0,0,0,3,True,False,False,True,False,False
2,158,Offense,P8,SD-SN-EF-KJ-MH,True,0:08.1,0,0,0,0,0,0,0,0,0,0,False,False,False,False,False,False
2,159,Offense,P8,SD-SN-EF-KJ-MH,False,0:19.2,0,0,1,0,0,0,0,0,0,0,False,False,False,False,False,False
2,160,Defense,P8,SD-SN-EF-KJ-MH,True,0:11.7,0,0,0,0,0,0,0,0,0,0,True,False,False,True,False,False
2,161,Offense,P8,SD-SN-EF-KJ-MH,False,0:10.3,0,0,0,0,0,0,1,0,0,0,False,False,False,False,False,False
2,162,Defense,P8,SD-SN-EF-KJ-MH,False,0:04.6,0,0,0,0,2,1,0,0,1,1,True,False,False,False,False,False
2,163,Offense,P8,MS-SI-AC-IK-AM7,False,0:20.3,1,1,0,0,0,0,0,0,0,2,False,False,False,False,False,False
2,164,Offense,P8,SD-SN-EF-KJ-MH,False,0:21.9,3,1,0,0,0,0,0,2,0,2,False,False,False,False,False,False
2,165,Defense,P8,SD-SN-EF-KJ-MH,False,0:08.1,0,0,0,0,0,0,1,0,0,0,True,False,False,False,False,True
2,166,Offense,P8,SD-SN-EF-KJ-MH,False,0:14.7,1,0,0,0,0,0,0,0,0,0,False,False,False,False,False,False
2,167,Offense,P8,DP-SI-AC-IK-AM7,False,0:47.7,1,0,1,0,0,0,1,2,0,0,False,False,False,False,False,False
2,168,Offense,P8,SD-SN-EF-KJ-MH,True,0:12.0,0,0,0,0,0,0,0,0,0,0,False,False,False,False,False,False
2,169,Offense,P8,SD-SN-EF-KJ-MH,False,0:12.6,1,0,0,0,0,0,0,0,0,0,False,False,False,False,False,False
2,170,Offense,P8,MS-SI-AC-IK-AM7,False,0:19.3,0,0,1,0,0,0,0,0,0,0,False,False,False,False,False,False
2,171,Defense,P8,MS-SI-AC-IK-AM7,False,0:06.7,1,1,0,0,0,0,0,0,0,2,True,False,True,False,False,False
2,172,Offense,P8,SD-SN-AC-IK-MH,False,0:24.8,1,1,0,0,0,0,0,0,0,2,False,False,False,False,False,False
2,173,Defense,P8,SD-SN-AC-IK-MH,False,0:16.3,0,0,0,0,0,0,1,0,0,0,True,False,False,False,False,True
2,174,Offense,P8,SD-SN-AC-IK-MH,False,0:16.4,0,0,1,1,0,0,0,0,0,3,False,False,False,False,False,False
2,175,Defense,P8,SD-SN-AC-IK-MH,True,0:06.8,0,0,0,0,0,0,0,0,0,0,True,False,False,False,False,False
2,176,Offense,P8,SD-SI-AC-KJ-MH,False,0:20.8,1,0,0,0,0,0,0,0,0,0,False,False,False,False,False,False
2,177,Offense,P8,SD-SI-AC-KJ-MH,False,0:31.7,1,1,0,0,0,0,0,0,0,2,False,False,False,False,False,False
2,178,Offense,P8,SD-SI-AC-KJ-MH,False,0:06.7,0,0,0,0,0,0,1,0,0,0,False,False,False,False,False,False
2,179,Defense,P8,SD-SI-AC-KJ-MH,False,0:11.2,0,0,1,1,0,0,0,0,0,3,True,True,False,False,False,False
2,180,Offense,P8,MS-SN-IK-EF-AM7,False,0:16.5,0,0,1,1,0,0,0,0,0,3,False,False,False,False,False,False
2,181,Defense,P8,MS-SN-IK-EF-AM7,False,0:07.3,0,0,0,0,0,0,1,0,0,0,True,False,False,False,False,False
2,182,Defense,P8,MS-SN-IK-EF-AM7,False,0:09.7,1,1,0,0,0,0,0,0,0,2,True,False,False,False,False,False
2,183,Defense,P8,MS-SN-IK-EF-AM7,False,0:13.3,1,0,0,0,0,0,0,0,0,0,True,True,True,False,False,False
2,184,Defense,P8,SD-SI-AC-KJ-MH,False,0:17.0,0,0,0,0,0,0,1,0,0,0,True,False,False,False,False,False
2,185,Offense,P8,SD-SI-AC-KJ-MH,False,0:09.8,1,1,0,0,0,0,0,0,0,2,False,False,False,False,False,False
2,186,Defense,P8,SD-SI-AC-KJ-MH,False,0:09.4,1,1,0,0,0,0,0,0,0,2,True,False,False,False,False,False
2,187,Defense,P8,SD-SI-AC-KJ-MH,False,0:15.1,1,1,0,0,1,1,0,0,1,3,True,False,True,False,False,False
3,1,Offense,P9,SD-SN-DP-IK-MH,False,0:15.5,1,0,0,0,0,0,0,0,0,0,False,False,False,False,False,False
3,2,Defense,P9,SD-SN-DP-IK-MH,True,0:21.7,0,0,0,0,0,0,0,0,0,0,True,False,False,False,False,False
3,3,Offense,P9,MS-SI-AC-EF-KJ,True,0:13.8,0,0,0,0,0,0,0,0,0,0,False,False,False,False,False,False
3,4,Offense,P9,MS-SI-AC-EF-KJ,False,0:08.3,0,0,0,0,0,0,1,0,0,0,False,False,False,False,False,False
3,5,Defense,P9,MS-SI-AC-EF-KJ,False,0:07.0,0,0,0,0,0,0,1,0,0,0,True,False,False,False,False,False
3,6,Offense,P9,SD-SN-IK-AM7-MH,False,0:21.4,0,0,0,0,2,2,0,0,1,2,False,False,False,False,False,False
3,7,Offense,P9,SD-SN-IK-AM7-MH,False,0:09.9,0,0,0,0,1,1,0,0,0,1,False,False,False,False,False,False
3,8,Defense,P9,SD-SN-IK-AM7-MH,False,0:14.6,1,0,0,0,0,0,0,0,0,0,True,False,False,False,False,False
3,9,Offense,P9,MS-SI-AC-A'M-KJ,False,0:26.5,0,0,1,0,0,0,0,0,0,0,False,False,False,False,False,False
3,10,Defense,P9,MS-SI-AC-A'M-KJ,False,0:15.3,1,1,0,0,0,0,0,0,0,2,True,False,True,False,False,False
3,11,Defense,P9,SN-DP-IK-AM7-MH,False,0:07.6,0,0,0,0,0,0,1,0,0,0,True,False,False,False,False,False
3,12,Offense,P9,SN-DP-IK-AM7-MH,False,0:09.0,1,1,0,0,0,0,0,0,0,2,False,False,False,False,False,False
3,13,Defense,P9,SN-DP-IK-AM7-MH,False,0:05.6,0,0,0,0,0,0,1,0,0,0,True,False,False,False,False,False
3,14,Offense,P9,SN-DP-IK-AM7-MH,False,0:06.5,1,1,0,0,0,0,0,0,0,2,False,False,False,False,False,False
3,15,Offense,P9,MS-SI-AC-EF-KJ,False,0:07.1,0,0,0,0,0,0,1,0,0,0,False,False,False,False,False,False
3,16,Offense,P9,SD-SN-DP-IK-MH,False,0:14.4,0,0,0,0,0,0,1,0,0,0,False,False,False,False,False,False
3,17,Offense,P9,MS-AC-A'M-EF-KJ,False,0:15.7,1,0,0,0,0,0,0,0,0,0,False,False,False,False,False,False
3,18,Defense,P9,MS-AC-A'M-EF-KJ,False,0:10.1,1,1,0,0,0,0,0,0,0,2,True,False,False,False,False,False
3,19,Offense,P9,SD-SN-DP-IK-AM7,False,0:26.1,1,0,0,0,0,0,0,0,0,0,False,False,False,False,False,False
3,20,Defense,P9,SD-SN-DP-IK-AM7,False,0:06.6,0,0,0,0,0,0,1,0,0,0,True,False,False,False,False,False
3,21,Offense,P9,SD-SN-DP-IK-AM7,False,0:06.4,0,0,0,0,0,0,1,0,0,0,False,False,False,False,False,False
3,22,Offense,P9,MS-SI-AC-EF-KJ,False,0:28.3,1,1,0,0,0,0,0,0,0,2,False,False,False,False,False,False
3,23,Defense,P9,MS-SI-AC-EF-KJ,False,0:08.0,0,0,0,0,0,0,1,0,0,0,True,False,False,False,False,False
3,24,Defense,P9,SD-SN-DP-IK-MH,False,0:20.8,1,1,0,0,0,0,0,0,0,2,True,False,True,False,False,False
3,25,Defense,P9,MS-AC-EF-AM7-KJ,False,0:10.7,1,0,0,0,0,0,0,0,0,0,True,False,False,False,False,False
3,26,Defense,P9,SD-DP-IK-AM7-MH,False,0:16.2,0,0,0,0,0,0,1,0,0,0,True,True,False,False,False,False
3,27,Defense,P9,MS-SI-A'M-EF-KJ,False,0:22.5,2,1,0,0,0,0,0,1,0,2,True,False,True,False,True,False
3,28,Defense,P9,SD-SN-IK-AM7-MH,True,0:12.6,0,0,0,0,0,0,0,0,0,0,True,False,False,False,False,False
3,29,Defense,P9,SD-SN-IK-AM7-MH,True,0:20.6,0,0,0,0,0,0,0,0,0,0,True,False,False,False,False,False
3,30,Defense,P9,SI-AC-A'M-EF-KJ,False,0:16.6,0,0,0,0,0,0,1,0,0,0,True,False,False,False,False,False
3,31,Defense,P9,SD-SN-DP-IK-MH,False,0:20.4,0,0,0,0,0,0,1,0,0,0,True,False,False,False,False,True
3,32,Defense,P9,MS-SI-AC-EF-KJ,False,0:14.2,1,0,0,0,0,0,0,0,0,0,True,False,False,False,False,False
3,33,Defense,P9,MS-SI-AC-EF-KJ,False,0:41.6,1,0,2,0,0,0,0,2,0,0,True,True,True,True,True,False
3,34,Defense,P9,SN-DP-IK-AM7-MH,False,0:12.1,0,0,0,0,0,0,1,0,0,0,True,False,False,False,False,True
3,35,Defense,P9,SN-DP-IK-AM7-MH,False,0:23.5,0,0,1,0,0,0,0,0,0,0,True,False,False,True,False,False
3,36,Defense,P9,SN-DP-SI-KJ-MH,False,0:18.1,0,0,0,0,0,0,1,0,0,0,True,False,False,False,False,False
3,37,Offense,P9,SN-DP-SI-KJ-MH,False,0:16.2,0,0,0,0,0,0,1,0,0,0,False,False,False,False,False,False
3,38,Offense,P9,SN-DP-SI-KJ-MH,False,0:33.3,2,0,1,0,0,0,1,3,0,0,False,False,False,False,False,False
3,39,Defense,P9,SN-DP-SI-KJ-MH,False,0:07.0,1,1,0,0,0,0,0,0,0,2,True,False,False,False,False,False
3,40,Offense,P9,SN-DP-SI-KJ-MH,True,0:21.5,0,0,0,0,0,0,0,0,0,0,False,False,False,False,False,False
3,41,Defense,P9,SD-AC-IK-EF-AM7,False,0:20.4,0,0,1,0,0,0,0,0,0,0,True,False,False,False,False,False
3,42,Offense,P9,SD-AC-IK-EF-AM7,True,0:15.6,2,0,0,0,0,0,0,1,0,0,False,False,False,False,False,False
3,43,Defense,P9,SD-AC-IK-EF-AM7,True,0:15.9,0,0,0,0,0,0,0,0,0,0,True,False,True,False,False,False
3,44,Defense,P9,SD-AC-IK-EF-AM7,False,0:25.2,0,0,1,0,0,0,0,1,1,0,True,False,True,False,True,False
3,45,Defense,P9,SD-AC-IK-EF-AM7,False,0:12.3,0,0,0,0,1,1,0,0,0,1,True,False,False,False,False,False
3,46,Offense,P9,SD-AC-IK-EF-AM7,True,0:09.6,0,0,0,0,0,0,0,0,0,0,False,False,False,False,False,False
3,47,Defense,P9,SN-DP-SI-KJ-MH,False,0:15.8,0,0,1,0,0,0,0,0,0,0,True,False,False,False,False,False
3,48,Offense,P9,SN-DP-SI-KJ-MH,False,0:08.2,0,0,0,0,0,0,1,0,0,0,False,False,False,False,False,False
3,49,Defense,P9,SN-DP-SI-KJ-MH,False,0:07.9,1,1,0,0,0,0,0,0,0,2,True,False,False,False,False,False
3,50,Offense,P9,SN-DP-SI-KJ-MH,False,0:21.0,0,0,1,1,0,0,0,0,0,3,False,False,False,False,False,False
3,51,Defense,P9,SN-DP-SI-KJ-MH,False,0:09.8,0,0,0,0,0,0,1,0,0,0,True,False,False,False,False,True
3,52,Offense,P9,SN-DP-SI-KJ-MH,False,0:08.9,0,0,1,0,0,0,0,0,0,0,False,False,False,False,False,False
3,53,Defense,P9,SN-DP-SI-KJ-MH,False,0:08.3,0,0,0,0,0,0,1,0,0,0,True,False,False,False,False,False
3,54,Offense,P9,SN-DP-SI-KJ-MH,False,0:05.9,1,1,0,0,0,0,0,0,0,2,False,False,False,False,False,False
3,55,Defense,P9,SN-DP-SI-KJ-MH,True,0:06.4,0,0,0,0,0,0,0,0,0,0,True,False,False,False,False,False
3,56,Defense,P9,SN-DP-SI-KJ-MH,False,0:16.0,1,0,0,0,0,0,0,0,0,0,True,False,False,False,False,False
3,57,Offense,P9,SN-DP-SI-KJ-MH,False,0:05.1,0,0,0,0,0,0,1,0,0,0,False,False,False,False,False,False
3,58,Defense,P9,SN-DP-SI-KJ-MH,False,0:07.8,3,1,0,0,0,0,0,2,0,2,True,False,False,False,True,False
3,59,Offense,P9,SN-DP-SI-KJ-MH,False,0:15.9,0,0,1,1,0,0,0,0,0,3,False,False,False,False,False,False
3,60,Defense,P9,SN-DP-SI-KJ-MH,False,0:13.6,0,0,0,0,0,0,1,0,0,0,True,True,True,False,False,True
3,61,Defense,P9,SD-SN-IK-AM7-KJ,False,0:11.8,0,0,0,0,0,0,1,0,0,0,True,False,False,False,False,False
3,62,Offense,P9,SD-SN-IK-AM7-KJ,False,0:11.0,1,0,0,0,0,0,0,0,0,0,False,False,False,False,False,False
3,63,Offense,P9,SD-SN-IK-AM7-KJ,False,0:07.1,1,0,0,0,0,0,0,0,0,0,False,False,False,False,False,False
3,64,Defense,P9,SD-SN-AC-IK-AM7,False,0:18.0,0,0,0,0,0,0,1,0,0,0,True,False,False,False,False,True
3,65,Offense,P9,SD-SN-AC-IK-AM7,False,0:05.7,1,0,0,0,0,0,0,0,0,0,False,False,False,False,False,False
3,66,Defense,P9,SD-SN-AC-IK-AM7,False,0:16.7,1,1,0,0,0,0,0,0,0,2,True,False,True,False,False,False
3,67,Offense,P9,SD-SN-AC-IK-AM7,True,0:14.3,0,0,0,0,0,0,0,0,0,0,False,False,False,False,False,False
3,68,Offense,P9,SD-SN-AC-IK-AM7,False,0:30.8,0,0,1,1,0,0,0,0,0,3,False,False,False,False,False,False
3,69,Defense,P9,SD-SN-AC-IK-AM7,True,0:15.5,0,0,0,0,0,0,0,0,0,0,True,False,False,False,False,False
3,70,Defense,P9,SD-SN-AC-IK-AM7,False,0:11.2,0,0,0,0,0,0,1,0,0,0,True,False,False,False,False,True
3,71,Offense,P9,SD-SN-AC-IK-AM7,False,0:13.6,0,0,0,0,0,0,1,0,0,0,False,False,False,False,False,False
3,72,Defense,P9,SD-SN-AC-IK-AM7,False,0:07.6,1,1,0,0,0,0,0,0,0,2,True,False,False,False,False,False
3,73,Offense,P9,SD-SN-AC-IK-AM7,False,0:07.1,1,0,0,0,0,0,0,0,0,0,False,False,False,False,False,False
3,74,Defense,P9,SD-SN-AC-IK-AM7,True,0:13.9,0,0,0,0,0,0,0,0,0,0,True,False,False,False,False,False
3,75,Defense,P9,SD-SN-AC-IK-AM7,False,0:08.0,0,0,0,0,0,0,1,0,0,0,True,False,False,False,False,False
3,76,Offense,P9,SD-SN-AC-IK-AM7,False,0:06.8,1,1,0,0,0,0,0,0,0,2,False,False,False,False,False,False
3,77,Defense,P10,SD-SN-DP-IK-MH,False,0:16.5,0,0,0,0,0,0,1,0,0,0,True,False,False,False,False,True
3,78,Defense,P10,MS-SI-AC-EF-KJ,False,0:24.9,0,0,1,0,0,0,0,0,0,0,True,True,True,True,False,False
3,79,Defense,P10,SD-SN-DP-IK-MH,False,0:25.2,1,1,0,0,0,0,0,0,0,2,True,True,True,False,False,False
3,80,Defense,P10,SD-SN-DP-IK-MH,False,0:21.0,1,0,0,0,0,0,0,0,0,0,True,False,False,False,False,False
3,81,Defense,P10,MS-SI-AC-EF-KJ,False,0:10.8,1,0,0,0,0,0,0,0,0,0,True,False,False,True,False,False
3,82,Defense,P10,MS-SI-AC-EF-KJ,False,0:20.5,0,0,0,0,0,0,0,0,1,0,True,False,False,False,False,False
3,83,Defense,P10,SD-SN-DP-IK-MH,False,0:26.5,0,0,0,0,0,0,1,0,0,0,True,False,False,False,False,False
3,84,Defense,P10,MS-SI-AC-EF-KJ,False,0:13.2,1,0,0,0,0,0,0,0,0,0,True,False,False,False,False,False
3,85,Defense,P10,SD-SN-DP-IK-MH,True,0:16.5,0,0,0,0,0,0,0,0,0,0,True,False,False,False,False,False
3,86,Defense,P10,SD-SN-DP-IK-MH,True,0:14.8,0,0,0,0,0,0,0,0,0,0,True,False,True,False,False,False
3,87,Defense,P10,MS-SI-AC-EF-KJ,False,0:18.0,1,1,0,0,0,0,0,0,0,2,True,False,True,False,False,False
3,88,Defense,P10,MS-SI-AC-EF-KJ,False,0:13.3,0,0,0,0,0,0,1,0,0,0,True,False,False,False,False,False
3,89,Offense,P10,SD-SN-DP-IK-MH,True,0:20.2,0,0,0,0,0,0,0,0,0,0,False,False,False,False,False,False
3,90,Offense,P10,SD-SN-DP-IK-MH,True,0:28.1,0,0,0,0,0,0,0,0,0,0,False,False,False,False,False,False
3,91,Offense,P10,SD-SN-DP-IK-MH,True,0:14.7,0,0,0,0,0,0,0,0,0,0,False,False,False,False,False,False
3,92,Offense,P10,SD-SN-DP-IK-MH,False,0:17.3,0,0,1,1,0,0,0,0,0,3,False,False,False,False,False,False
3,93,Defense,P10,SD-SN-DP-IK-MH,False,0:05.6,0,0,0,0,0,0,1,0,0,0,True,False,False,False,False,True
3,94,Offense,P10,SD-SN-DP-IK-MH,False,0:10.9,1,1,0,0,0,0,0,0,0,2,False,False,False,False,False,False
3,95,Defense,P10,SD-SN-DP-IK-MH,False,0:14.2,0,0,0,0,0,0,1,0,0,0,True,False,False,False,False,False
3,96,Offense,P10,SD-SN-DP-IK-MH,False,0:18.9,0,0,1,0,0,0,0,0,0,0,False,False,False,False,False,False
3,97,Defense,P10,SD-SN-DP-IK-MH,True,0:13.2,0,0,0,0,0,0,0,0,0,0,True,False,False,False,False,False
3,98,Defense,P10,MS-SI-AC-EF-KJ,True,0:10.7,0,0,0,0,1,0,0,1,0,0,True,False,False,False,True,False
3,99,Offense,P10,MS-SI-AC-EF-KJ,False,0:16.8,1,0,0,0,0,0,0,0,0,0,False,False,False,False,False,False
3,100,Defense,P10,MS-SI-AC-EF-KJ,True,0:06.1,0,0,0,0,0,0,0,0,0,0,True,False,False,False,False,False
3,101,Offense,P10,MS-SI-AC-EF-KJ,False,0:20.5,1,0,0,0,0,0,0,0,0,0,False,False,False,False,False,False
3,102,Offense,P10,MS-SI-AC-EF-KJ,False,0:14.2,1,1,0,0,0,0,0,0,0,2,False,False,False,False,False,False
3,103,Defense,P10,MS-SI-AC-EF-KJ,False,0:23.5,1,0,0,0,0,0,0,0,0,0,True,False,True,False,False,False
3,104,Offense,P10,MS-SI-AC-EF-KJ,True,0:11.7,0,0,0,0,0,0,0,0,0,0,False,False,False,False,False,False
3,105,Offense,P10,MS-SI-AC-EF-KJ,False,0:15.0,1,0,1,0,0,0,0,1,0,0,False,False,False,False,False,False
3,106,Defense,P10,MS-SI-AC-EF-KJ,True,0:18.3,0,0,0,0,0,0,0,0,0,0,True,False,False,False,False,False
3,107,Offense,P10,MS-SI-AC-EF-KJ,False,0:15.6,0,0,0,0,0,0,0,0,1,0,False,False,False,False,False,False
3,108,Offense,P10,MS-SI-AC-EF-KJ,False,0:35.4,0,0,0,0,3,3,0,0,0,3,False,False,False,False,False,False
3,109,Defense,P10,MS-SI-AC-EF-KJ,False,0:07.0,0,0,0,0,0,0,1,0,0,0,True,False,False,False,False,False
3,110,Offense,P10,MS-SI-AC-EF-KJ,False,0:08.1,1,0,0,0,0,0,0,0,0,0,False,False,False,False,False,False
3,111,Defense,P10,MS-SI-AC-EF-KJ,False,0:16.8,1,1,0,0,0,0,0,0,0,2,True,False,False,False,False,False
3,112,Defense,P11,SD-SN-SI-EF-MH,False,0:19.7,0,0,0,0,0,0,0,0,0,0,True,False,True,True,False,False
3,113,Defense,P11,MS-DP-AC-IK-KJ,False,0:16.8,0,0,0,0,0,0,0,0,0,0,True,True,False,False,True,False
3,114,Defense,P11,SN-SI-EF-AM7-MH,False,0:16.9,0,0,0,0,0,0,0,0,0,0,True,False,True,False,False,False
3,115,Defense,P11,MS-DP-AC-IK-KJ,False,0:11.7,0,0,0,0,0,0,0,0,0,0,True,False,True,False,False,False
3,116,Defense,P11,SD-SN-EF-AM7-MH,False,0:09.5,0,0,0,0,0,0,0,0,0,0,True,False,False,False,False,False
3,117,Defense,P11,SD-SN-EF-AM7-MH,False,0:09.7,0,0,0,0,0,0,0,0,0,0,True,False,False,False,False,False
3,118,Defense,P11,SD-SN-EF-AM7-MH,False,0:27.2,0,0,0,0,0,0,0,0,0,0,True,False,True,True,True,True
3,119,Defense,P11,MS-DP-AC-IK-KJ,False,0:11.7,0,0,0,0,0,0,0,0,0,0,True,False,False,False,False,False
3,120,Defense,P11,SD-SI-EF-AM7-MH,False,0:14.3,0,0,0,0,0,0,0,0,0,0,True,True,False,False,False,False
3,121,Defense,P11,MS-DP-AC-IK-KJ,False,0:16.1,0,0,0,0,0,0,0,0,0,0,True,False,False,False,False,False
3,122,Defense,P11,SD-SN-SI-AM7-MH,False,0:22.2,0,0,0,0,0,0,0,0,0,0,True,True,False,False,False,False
3,123,Defense,P11,MS-DP-AC-IK-KJ,False,0:26.8,0,0,0,0,0,0,0,0,0,0,True,False,True,False,False,False
3,124,Defense,P11,SD-SN-SI-EF-MH,False,0:08.9,0,0,0,0,0,0,0,0,0,0,True,True,False,False,False,False
3,125,Defense,P11,SD-SN-SI-EF-MH,False,0:18.7,0,0,0,0,0,0,0,0,0,0,True,False,False,False,False,False
3,126,Defense,P11,SD-SN-SI-EF-MH,False,0:29.0,0,0,0,0,0,0,0,0,0,0,True,False,False,True,True,False
3,127,Defense,P11,SD-SN-SI-EF-MH,False,0:12.3,0,0,0,0,0,0,0,0,0,0,True,False,True,False,False,False
3,128,Defense,P11,MS-DP-AC-IK-KJ,False,0:23.4,0,0,0,0,0,0,0,0,0,0,True,True,True,False,True,False
3,129,Defense,P11,SD-SN-SI-EF-MH,False,0:28.1,0,0,0,0,0,0,0,0,0,0,True,False,False,True,False,False
3,130,Defense,P11,MS-DP-AC-IK-KJ,False,0:12.2,0,0,0,0,0,0,0,0,0,0,True,False,False,False,False,False
3,131,Offense,P11,MS-DP-AC-IK-KJ,False,0:21.2,0,0,0,0,0,0,0,0,0,0,False,False,False,False,False,False
3,132,Defense,P11,MS-DP-AC-IK-KJ,False,0:11.1,0,0,0,0,0,0,0,0,0,0,True,False,False,False,False,False
3,133,Defense,P11,SD-SN-SI-EF-MH,False,0:23.3,0,0,0,0,0,0,0,0,0,0,True,False,False,False,False,False
3,134,Defense,P11,SD-SN-SI-EF-MH,False,0:11.7,0,0,0,0,0,0,0,0,0,0,True,False,False,False,False,False
3,135,Defense,P11,SD-SN-SI-EF-MH,False,0:21.1,0,0,0,0,0,0,0,0,0,0,True,False,False,False,False,False
3,136,Offense,P11,SD-SN-SI-EF-MH,False,0:16.1,0,0,0,0,0,0,0,0,0,0,False,False,False,False,False,False
3,137,Defense,P11,SD-SN-SI-EF-MH,False,0:24.2,0,0,0,0,0,0,0,0,0,0,True,False,True,True,False,False
3,138,Defense,P11,MS-DP-AC-IK-KJ,False,0:11.6,0,0,0,0,0,0,0,0,0,0,True,False,False,False,False,False
3,139,Defense,P11,MS-DP-AC-IK-KJ,False,0:15.1,0,0,0,0,0,0,0,0,0,0,True,False,False,False,False,False
3,140,Defense,P11,MS-DP-AC-IK-KJ,False,0:12.4,0,0,0,0,0,0,0,0,0,0,True,False,False,False,False,False
3,141,Offense,P11,MS-DP-AC-IK-KJ,False,0:07.8,0,0,0,0,0,0,0,0,0,0,False,False,False,False,False,False
3,142,Defense,P11,MS-DP-AC-IK-KJ,False,0:18.4,0,0,0,0,0,0,0,0,0,0,True,False,False,False,False,False
3,143,Defense,P11,SD-SN-EF-AM7-MH,False,0:11.4,0,0,0,0,0,0,0,0,0,0,True,False,False,False,False,False
3,144,Defense,P11,SD-SN-EF-AM7-MH,False,0:12.3,0,0,0,0,0,0,0,0,0,0,True,False,False,False,False,False
3,145,Defense,P11,SD-SN-EF-AM7-MH,False,0:19.5,0,0,0,0,0,0,0,0,0,0,True,False,True,False,False,True
3,146,Offense,P11,SD-SN-EF-AM7-MH,False,0:07.3,0,0,0,0,0,0,0,0,0,0,False,False,False,False,False,False
3,147,Offense,P11,SD-SN-SI-EF-MH,False,0:08.4,0,0,0,0,0,0,0,0,0,0,False,False,False,False,False,False
3,148,Offense,P11,SD-SN-SI-EF-MH,False,0:16.1,0,0,0,0,0,0,0,0,0,0,False,False,False,False,False,False
3,149,Offense,P11,MS-DP-AC-IK-KJ,False,0:26.2,0,0,0,0,0,0,0,0,0,0,False,False,False,False,False,False
3,150,Defense,P11,MS-DP-AC-IK-KJ,False,0:27.7,0,0,0,0,0,0,0,0,0,0,True,False,True,True,True,False
3,151,Offense,P11,SD-SN-EF-AM7-MH,False,0:20.8,0,0,0,0,0,0,0,0,0,0,False,False,False,False,False,False
3,152,Defense,P11,SD-SN-EF-AM7-MH,False,0:17.9,0,0,0,0,0,0,0,0,0,0,True,False,False,False,False,False
3,153,Offense,P11,MS-DP-AC-IK-KJ,False,0:19.0,0,0,0,0,0,0,0,0,0,0,False,False,False,False,False,False
3,154,Defense,P11,MS-DP-AC-IK-KJ,False,0:17.7,0,0,0,0,0,0,0,0,0,0,True,True,False,False,False,False
3,155,Offense,P11,SD-SN-SI-EF-MH,False,0:10.4,0,0,0,0,0,0,0,0,0,0,False,False,False,False,False,False
3,156,Defense,P11,SD-SN-SI-EF-MH,False,0:10.4,0,0,0,0,0,0,0,0,0,0,True,False,True,False,False,False
3,157,Offense,P11,MS-DP-AC-IK-KJ,False,0:11.2,0,0,0,0,0,0,0,0,0,0,False,False,False,False,False,False
3,158,Defense,P11,MS-DP-AC-IK-KJ,False,0:18.4,0,0,0,0,0,0,0,0,0,0,True,False,False,False,False,False
3,159,Defense,P11,SD-SN-SI-EF-AM7,False,0:05.2,0,0,0,0,0,0,0,0,0,0,True,False,False,False,False,False
3,160,Defense,P11,MS-DP-AC-IK-KJ,False,0:17.2,0,0,0,0,0,0,0,0,0,0,True,False,False,False,False,False
3,161,Defense,P11,MS-DP-AC-IK-KJ,False,0:14.1,0,0,0,0,0,0,0,0,0,0,True,False,False,False,False,False
3,162,Defense,P11,SD-SI-EF-AM7-MH,False,0:19.0,0,0,0,0,0,0,0,0,0,0,True,False,False,False,False,False
